DATE,NFCI,OFRFSI,PCETRIM12M159SFRBDAL,PCETRIM1M158SFRBDAL,PCEPILFE,PCEPI,PI,PCE
2024-08-01,,,,,123.135,123.891,,
2024-09-01,,,,,123.462,124.146,,
2024-10-01,,,,,123.816,124.482,,
2024-11-01,,,,,123.989,124.666,,
2024-12-01,,,,,124.198,124.984,,
2025-01-01,,,,,124.609,125.423,,
2025-02-01,,,,,125.002,125.770,,
2025-03-01,,,,,125.144,125.869,,
2025-04-01,,,,2.97,125.524,126.163,,
2025-05-01,,,,2.32,125.818,126.408,,
2025-06-01,,,,3.40,126.133,126.730,,
2025-07-01,,,,1.83,126.363,126.906,26383.1,20927.2
2025-08-01,,,2.85,3.07,126.646,127.229,26495.1,21029.5
2025-09-01,,,2.76,2.17,126.940,127.601,26604.9,21126.5
2025-10-01,,,2.60,1.64,127.165,127.790,26627.7,21196.4
2025-10-31,,-2.366,,,,,,
2025-11-01,,,2.52,1.69,127.363,128.045,26731.4,21274.2
2025-11-28,,-2.446,,,,,,
2025-12-01,,,2.47,2.33,127.765,128.455,26813.6,21336.0
2025-12-31,,-2.707,,,,,,
2026-01-01,,,2.45,2.42,128.270,128.845,26973.5,21383.1
2026-01-30,,-2.255,,,,,,
2026-02-01,,,2.38,1.93,128.701,129.293,27009.9,21502.0
2026-02-27,,-2.386,,,,,,
2026-03-01,,,2.36,2.57,129.030,130.105,27188.1,21692.9
2026-03-31,,-0.284,,,,,,
2026-04-01,,,2.38,3.20,129.395,130.672,27219.3,21856.9
2026-04-30,,-2.108,,,,,,
2026-05-01,,,2.44,3.01,129.796,131.241,27417.1,22027.2
2026-05-29,,-2.976,,,,,,
2026-06-01,,,2.28,1.52,129.969,131.106,27479.3,22095.5
2026-06-30,,-2.390,,,,,,
2026-07-01,,,2.28,1.87,130.133,131.172,27560.3,22117.7
2026-07-31,,-2.568,,,,,,
2026-08-01,,,2.19,1.92,130.455,131.579,27626.9,22308.5
2026-08-31,,-2.767,,,,,,
2026-09-04,-0.545,,,,,,,
2026-09-11,-0.536,,,,,,,
2026-09-18,-0.524,,,,,,,
2026-09-25,-0.510,,,,,,,
2026-09-30,,-2.349,,,,,,
2026-10-02,-0.494,,,,,,,
2026-10-06,,-2.152,,,,,,
