"date","shares_outstanding","nav","source_url","source_note"
"2025-10-01","532500000","52.47875","https://accounts.profunds.com/etfdata/ByFund/TQQQ-historical_nav.csv","ProShares official historical NAV file; shares converted from thousands"
"2025-10-02","532400000","53.04695","https://accounts.profunds.com/etfdata/ByFund/TQQQ-historical_nav.csv","ProShares official historical NAV file; shares converted from thousands"
"2025-10-03","530000000","52.33065","https://accounts.profunds.com/etfdata/ByFund/TQQQ-historical_nav.csv","ProShares official historical NAV file; shares converted from thousands"
"2025-10-06","526800000","53.5369","https://accounts.profunds.com/etfdata/ByFund/TQQQ-historical_nav.csv","ProShares official historical NAV file; shares converted from thousands"
"2025-10-07","533100000","52.6308","https://accounts.profunds.com/etfdata/ByFund/TQQQ-historical_nav.csv","ProShares official historical NAV file; shares converted from thousands"
"2025-10-08","529800000","54.4982","https://accounts.profunds.com/etfdata/ByFund/TQQQ-historical_nav.csv","ProShares official historical NAV file; shares converted from thousands"
"2025-10-09","532000000","54.23425","https://accounts.profunds.com/etfdata/ByFund/TQQQ-historical_nav.csv","ProShares official historical NAV file; shares converted from thousands"
"2025-10-10","535600000","48.4923","https://accounts.profunds.com/etfdata/ByFund/TQQQ-historical_nav.csv","ProShares official historical NAV file; shares converted from thousands"
"2025-10-13","549200000","51.6606","https://accounts.profunds.com/etfdata/ByFund/TQQQ-historical_nav.csv","ProShares official historical NAV file; shares converted from thousands"
"2025-10-14","547000000","50.5769","https://accounts.profunds.com/etfdata/ByFund/TQQQ-historical_nav.csv","ProShares official historical NAV file; shares converted from thousands"
"2025-10-15","545900000","51.58585","https://accounts.profunds.com/etfdata/ByFund/TQQQ-historical_nav.csv","ProShares official historical NAV file; shares converted from thousands"
"2025-10-16","547500000","51.01835","https://accounts.profunds.com/etfdata/ByFund/TQQQ-historical_nav.csv","ProShares official historical NAV file; shares converted from thousands"
"2025-10-17","540300000","51.97275","https://accounts.profunds.com/etfdata/ByFund/TQQQ-historical_nav.csv","ProShares official historical NAV file; shares converted from thousands"
"2025-10-20","534600000","53.984","https://accounts.profunds.com/etfdata/ByFund/TQQQ-historical_nav.csv","ProShares official historical NAV file; shares converted from thousands"
"2025-10-21","533400000","53.8797","https://accounts.profunds.com/etfdata/ByFund/TQQQ-historical_nav.csv","ProShares official historical NAV file; shares converted from thousands"
"2025-10-22","536700000","52.2665","https://accounts.profunds.com/etfdata/ByFund/TQQQ-historical_nav.csv","ProShares official historical NAV file; shares converted from thousands"
"2025-10-23","532300000","53.6267","https://accounts.profunds.com/etfdata/ByFund/TQQQ-historical_nav.csv","ProShares official historical NAV file; shares converted from thousands"
"2025-10-24","525200000","55.25295","https://accounts.profunds.com/etfdata/ByFund/TQQQ-historical_nav.csv","ProShares official historical NAV file; shares converted from thousands"
"2025-10-27","526400000","58.2608","https://accounts.profunds.com/etfdata/ByFund/TQQQ-historical_nav.csv","ProShares official historical NAV file; shares converted from thousands"
"2025-10-28","525600000","59.53815","https://accounts.profunds.com/etfdata/ByFund/TQQQ-historical_nav.csv","ProShares official historical NAV file; shares converted from thousands"
"2025-10-29","524300000","60.259","https://accounts.profunds.com/etfdata/ByFund/TQQQ-historical_nav.csv","ProShares official historical NAV file; shares converted from thousands"
"2025-10-30","524500000","57.5783","https://accounts.profunds.com/etfdata/ByFund/TQQQ-historical_nav.csv","ProShares official historical NAV file; shares converted from thousands"
"2025-10-31","521700000","58.37595","https://accounts.profunds.com/etfdata/ByFund/TQQQ-historical_nav.csv","ProShares official historical NAV file; shares converted from thousands"
"2025-11-03","520300000","59.1303","https://accounts.profunds.com/etfdata/ByFund/TQQQ-historical_nav.csv","ProShares official historical NAV file; shares converted from thousands"
"2025-11-04","524800000","55.44995","https://accounts.profunds.com/etfdata/ByFund/TQQQ-historical_nav.csv","ProShares official historical NAV file; shares converted from thousands"
"2025-11-05","531200000","56.63565","https://accounts.profunds.com/etfdata/ByFund/TQQQ-historical_nav.csv","ProShares official historical NAV file; shares converted from thousands"
"2025-11-06","537600000","53.36905","https://accounts.profunds.com/etfdata/ByFund/TQQQ-historical_nav.csv","ProShares official historical NAV file; shares converted from thousands"
"2025-11-07","543200000","52.87795","https://accounts.profunds.com/etfdata/ByFund/TQQQ-historical_nav.csv","ProShares official historical NAV file; shares converted from thousands"
"2025-11-10","542600000","56.3584","https://accounts.profunds.com/etfdata/ByFund/TQQQ-historical_nav.csv","ProShares official historical NAV file; shares converted from thousands"
"2025-11-11","544300000","55.84135","https://accounts.profunds.com/etfdata/ByFund/TQQQ-historical_nav.csv","ProShares official historical NAV file; shares converted from thousands"
"2025-11-12","549000000","55.72045","https://accounts.profunds.com/etfdata/ByFund/TQQQ-historical_nav.csv","ProShares official historical NAV file; shares converted from thousands"
"2025-11-13","551200000","52.27425","https://accounts.profunds.com/etfdata/ByFund/TQQQ-historical_nav.csv","ProShares official historical NAV file; shares converted from thousands"
"2025-11-14","550100000","52.3356","https://accounts.profunds.com/etfdata/ByFund/TQQQ-historical_nav.csv","ProShares official historical NAV file; shares converted from thousands"
"2025-11-17","554800000","51.0125","https://accounts.profunds.com/etfdata/ByFund/TQQQ-historical_nav.csv","ProShares official historical NAV file; shares converted from thousands"
"2025-11-18","555600000","49.1722","https://accounts.profunds.com/etfdata/ByFund/TQQQ-historical_nav.csv","ProShares official historical NAV file; shares converted from thousands"
"2025-11-19","558200000","49.98255","https://accounts.profunds.com/etfdata/ByFund/TQQQ-historical_nav.csv","ProShares official historical NAV file; shares converted from thousands"
"2025-11-20","559550000","46.4265","https://accounts.profunds.com/etfdata/ByFund/TQQQ-historical_nav.csv","ProShares official historical NAV file; shares converted from thousands"
"2025-11-21","562900000","47.4655","https://accounts.profunds.com/etfdata/ByFund/TQQQ-historical_nav.csv","ProShares official historical NAV file; shares converted from thousands"
"2025-11-24","562350000","51.1794","https://accounts.profunds.com/etfdata/ByFund/TQQQ-historical_nav.csv","ProShares official historical NAV file; shares converted from thousands"
"2025-11-25","563700000","52.0544","https://accounts.profunds.com/etfdata/ByFund/TQQQ-historical_nav.csv","ProShares official historical NAV file; shares converted from thousands"
"2025-11-26","565750000","53.3974","https://accounts.profunds.com/etfdata/ByFund/TQQQ-historical_nav.csv","ProShares official historical NAV file; shares converted from thousands"
"2025-11-28","563550000","54.61","https://accounts.profunds.com/etfdata/ByFund/TQQQ-historical_nav.csv","ProShares official historical NAV file; shares converted from thousands"
"2025-12-01","564800000","54.0002","https://accounts.profunds.com/etfdata/ByFund/TQQQ-historical_nav.csv","ProShares official historical NAV file; shares converted from thousands"
"2025-12-02","564750000","55.3468","https://accounts.profunds.com/etfdata/ByFund/TQQQ-historical_nav.csv","ProShares official historical NAV file; shares converted from thousands"
"2025-12-03","564900000","55.6698","https://accounts.profunds.com/etfdata/ByFund/TQQQ-historical_nav.csv","ProShares official historical NAV file; shares converted from thousands"
"2025-12-04","563550000","55.4997","https://accounts.profunds.com/etfdata/ByFund/TQQQ-historical_nav.csv","ProShares official historical NAV file; shares converted from thousands"
"2025-12-05","562900000","56.1898","https://accounts.profunds.com/etfdata/ByFund/TQQQ-historical_nav.csv","ProShares official historical NAV file; shares converted from thousands"
"2025-12-08","561650000","55.7618","https://accounts.profunds.com/etfdata/ByFund/TQQQ-historical_nav.csv","ProShares official historical NAV file; shares converted from thousands"
"2025-12-09","561000000","56.0113","https://accounts.profunds.com/etfdata/ByFund/TQQQ-historical_nav.csv","ProShares official historical NAV file; shares converted from thousands"
"2025-12-10","554550000","56.7005","https://accounts.profunds.com/etfdata/ByFund/TQQQ-historical_nav.csv","ProShares official historical NAV file; shares converted from thousands"
"2025-12-11","553800000","56.0928","https://accounts.profunds.com/etfdata/ByFund/TQQQ-historical_nav.csv","ProShares official historical NAV file; shares converted from thousands"
"2025-12-12","557750000","52.8425","https://accounts.profunds.com/etfdata/ByFund/TQQQ-historical_nav.csv","ProShares official historical NAV file; shares converted from thousands"
"2025-12-15","562350000","52.0242","https://accounts.profunds.com/etfdata/ByFund/TQQQ-historical_nav.csv","ProShares official historical NAV file; shares converted from thousands"
"2025-12-16","565550000","52.4129","https://accounts.profunds.com/etfdata/ByFund/TQQQ-historical_nav.csv","ProShares official historical NAV file; shares converted from thousands"
"2025-12-17","567450000","49.3631","https://accounts.profunds.com/etfdata/ByFund/TQQQ-historical_nav.csv","ProShares official historical NAV file; shares converted from thousands"
"2025-12-18","566600000","51.5808","https://accounts.profunds.com/etfdata/ByFund/TQQQ-historical_nav.csv","ProShares official historical NAV file; shares converted from thousands"
"2025-12-19","568150000","53.5575","https://accounts.profunds.com/etfdata/ByFund/TQQQ-historical_nav.csv","ProShares official historical NAV file; shares converted from thousands"
"2025-12-22","566950000","54.2815","https://accounts.profunds.com/etfdata/ByFund/TQQQ-historical_nav.csv","ProShares official historical NAV file; shares converted from thousands"
"2025-12-23","567250000","55.0716","https://accounts.profunds.com/etfdata/ByFund/TQQQ-historical_nav.csv","ProShares official historical NAV file; shares converted from thousands"
"2025-12-24","566400000","55.3982","https://accounts.profunds.com/etfdata/ByFund/TQQQ-historical_nav.csv","ProShares official historical NAV file; shares converted from thousands"
"2025-12-26","562800000","55.2764","https://accounts.profunds.com/etfdata/ByFund/TQQQ-historical_nav.csv","ProShares official historical NAV file; shares converted from thousands"
"2025-12-29","561850000","54.4936","https://accounts.profunds.com/etfdata/ByFund/TQQQ-historical_nav.csv","ProShares official historical NAV file; shares converted from thousands"
"2025-12-30","559600000","54.0748","https://accounts.profunds.com/etfdata/ByFund/TQQQ-historical_nav.csv","ProShares official historical NAV file; shares converted from thousands"
"2025-12-31","558250000","52.6957","https://accounts.profunds.com/etfdata/ByFund/TQQQ-historical_nav.csv","ProShares official historical NAV file; shares converted from thousands"
"2026-01-02","556350000","52.3913","https://accounts.profunds.com/etfdata/ByFund/TQQQ-historical_nav.csv","ProShares official historical NAV file; shares converted from thousands"
"2026-01-05","557750000","53.5905","https://accounts.profunds.com/etfdata/ByFund/TQQQ-historical_nav.csv","ProShares official historical NAV file; shares converted from thousands"
"2026-01-06","555650000","55.085","https://accounts.profunds.com/etfdata/ByFund/TQQQ-historical_nav.csv","ProShares official historical NAV file; shares converted from thousands"
"2026-01-07","553850000","55.1628","https://accounts.profunds.com/etfdata/ByFund/TQQQ-historical_nav.csv","ProShares official historical NAV file; shares converted from thousands"
"2026-01-08","554250000","54.2","https://accounts.profunds.com/etfdata/ByFund/TQQQ-historical_nav.csv","ProShares official historical NAV file; shares converted from thousands"
"2026-01-09","552250000","55.8106","https://accounts.profunds.com/etfdata/ByFund/TQQQ-historical_nav.csv","ProShares official historical NAV file; shares converted from thousands"
"2026-01-12","552600000","55.9309","https://accounts.profunds.com/etfdata/ByFund/TQQQ-historical_nav.csv","ProShares official historical NAV file; shares converted from thousands"
"2026-01-13","553150000","55.617","https://accounts.profunds.com/etfdata/ByFund/TQQQ-historical_nav.csv","ProShares official historical NAV file; shares converted from thousands"
"2026-01-14","557250000","53.8235","https://accounts.profunds.com/etfdata/ByFund/TQQQ-historical_nav.csv","ProShares official historical NAV file; shares converted from thousands"
"2026-01-15","554900000","54.3206","https://accounts.profunds.com/etfdata/ByFund/TQQQ-historical_nav.csv","ProShares official historical NAV file; shares converted from thousands"
"2026-01-16","555050000","54.151","https://accounts.profunds.com/etfdata/ByFund/TQQQ-historical_nav.csv","ProShares official historical NAV file; shares converted from thousands"
"2026-01-20","562400000","50.682","https://accounts.profunds.com/etfdata/ByFund/TQQQ-historical_nav.csv","ProShares official historical NAV file; shares converted from thousands"
"2026-01-21","561700000","52.7304","https://accounts.profunds.com/etfdata/ByFund/TQQQ-historical_nav.csv","ProShares official historical NAV file; shares converted from thousands"
"2026-01-22","556100000","53.9117","https://accounts.profunds.com/etfdata/ByFund/TQQQ-historical_nav.csv","ProShares official historical NAV file; shares converted from thousands"
"2026-01-23","551750000","54.4193","https://accounts.profunds.com/etfdata/ByFund/TQQQ-historical_nav.csv","ProShares official historical NAV file; shares converted from thousands"
"2026-01-26","546450000","55.0905","https://accounts.profunds.com/etfdata/ByFund/TQQQ-historical_nav.csv","ProShares official historical NAV file; shares converted from thousands"
"2026-01-27","542250000","56.5306","https://accounts.profunds.com/etfdata/ByFund/TQQQ-historical_nav.csv","ProShares official historical NAV file; shares converted from thousands"
"2026-01-28","536650000","57.0612","https://accounts.profunds.com/etfdata/ByFund/TQQQ-historical_nav.csv","ProShares official historical NAV file; shares converted from thousands"
"2026-01-29","536850000","56.1315","https://accounts.profunds.com/etfdata/ByFund/TQQQ-historical_nav.csv","ProShares official historical NAV file; shares converted from thousands"
"2026-01-30","536750000","53.9454","https://accounts.profunds.com/etfdata/ByFund/TQQQ-historical_nav.csv","ProShares official historical NAV file; shares converted from thousands"
"2026-02-02","537650000","55.1057","https://accounts.profunds.com/etfdata/ByFund/TQQQ-historical_nav.csv","ProShares official historical NAV file; shares converted from thousands"
"2026-02-03","543900000","52.5227","https://accounts.profunds.com/etfdata/ByFund/TQQQ-historical_nav.csv","ProShares official historical NAV file; shares converted from thousands"
"2026-02-04","547000000","49.7253","https://accounts.profunds.com/etfdata/ByFund/TQQQ-historical_nav.csv","ProShares official historical NAV file; shares converted from thousands"
"2026-02-05","552400000","47.6587","https://accounts.profunds.com/etfdata/ByFund/TQQQ-historical_nav.csv","ProShares official historical NAV file; shares converted from thousands"
"2026-02-06","551200000","50.6863","https://accounts.profunds.com/etfdata/ByFund/TQQQ-historical_nav.csv","ProShares official historical NAV file; shares converted from thousands"
"2026-02-09","552600000","51.8464","https://accounts.profunds.com/etfdata/ByFund/TQQQ-historical_nav.csv","ProShares official historical NAV file; shares converted from thousands"
"2026-02-10","553500000","50.9738","https://accounts.profunds.com/etfdata/ByFund/TQQQ-historical_nav.csv","ProShares official historical NAV file; shares converted from thousands"
"2026-02-11","550800000","51.4081","https://accounts.profunds.com/etfdata/ByFund/TQQQ-historical_nav.csv","ProShares official historical NAV file; shares converted from thousands"
"2026-02-12","553000000","48.2494","https://accounts.profunds.com/etfdata/ByFund/TQQQ-historical_nav.csv","ProShares official historical NAV file; shares converted from thousands"
"2026-02-13","558300000","48.4761","https://accounts.profunds.com/etfdata/ByFund/TQQQ-historical_nav.csv","ProShares official historical NAV file; shares converted from thousands"
"2026-02-17","558000000","48.2827","https://accounts.profunds.com/etfdata/ByFund/TQQQ-historical_nav.csv","ProShares official historical NAV file; shares converted from thousands"
"2026-02-18","557600000","49.4249","https://accounts.profunds.com/etfdata/ByFund/TQQQ-historical_nav.csv","ProShares official historical NAV file; shares converted from thousands"
"2026-02-19","557800000","48.829","https://accounts.profunds.com/etfdata/ByFund/TQQQ-historical_nav.csv","ProShares official historical NAV file; shares converted from thousands"
"2026-02-20","555900000","50.0593","https://accounts.profunds.com/etfdata/ByFund/TQQQ-historical_nav.csv","ProShares official historical NAV file; shares converted from thousands"
"2026-02-23","558600000","48.2212","https://accounts.profunds.com/etfdata/ByFund/TQQQ-historical_nav.csv","ProShares official historical NAV file; shares converted from thousands"
"2026-02-24","556350000","49.7763","https://accounts.profunds.com/etfdata/ByFund/TQQQ-historical_nav.csv","ProShares official historical NAV file; shares converted from thousands"
"2026-02-25","553050000","51.8674","https://accounts.profunds.com/etfdata/ByFund/TQQQ-historical_nav.csv","ProShares official historical NAV file; shares converted from thousands"
"2026-02-26","551050000","50.0412","https://accounts.profunds.com/etfdata/ByFund/TQQQ-historical_nav.csv","ProShares official historical NAV file; shares converted from thousands"
"2026-02-27","554700000","49.5717","https://accounts.profunds.com/etfdata/ByFund/TQQQ-historical_nav.csv","ProShares official historical NAV file; shares converted from thousands"
"2026-03-02","549450000","49.7512","https://accounts.profunds.com/etfdata/ByFund/TQQQ-historical_nav.csv","ProShares official historical NAV file; shares converted from thousands"
"2026-03-03","551850000","48.1165","https://accounts.profunds.com/etfdata/ByFund/TQQQ-historical_nav.csv","ProShares official historical NAV file; shares converted from thousands"
"2026-03-04","547100000","50.2867","https://accounts.profunds.com/etfdata/ByFund/TQQQ-historical_nav.csv","ProShares official historical NAV file; shares converted from thousands"
"2026-03-05","547200000","49.8423","https://accounts.profunds.com/etfdata/ByFund/TQQQ-historical_nav.csv","ProShares official historical NAV file; shares converted from thousands"
"2026-03-06","549750000","47.5684","https://accounts.profunds.com/etfdata/ByFund/TQQQ-historical_nav.csv","ProShares official historical NAV file; shares converted from thousands"
"2026-03-09","548650000","49.4372","https://accounts.profunds.com/etfdata/ByFund/TQQQ-historical_nav.csv","ProShares official historical NAV file; shares converted from thousands"
"2026-03-10","543250000","49.3603","https://accounts.profunds.com/etfdata/ByFund/TQQQ-historical_nav.csv","ProShares official historical NAV file; shares converted from thousands"
"2026-03-11","543950000","49.4009","https://accounts.profunds.com/etfdata/ByFund/TQQQ-historical_nav.csv","ProShares official historical NAV file; shares converted from thousands"
"2026-03-12","546400000","46.8284","https://accounts.profunds.com/etfdata/ByFund/TQQQ-historical_nav.csv","ProShares official historical NAV file; shares converted from thousands"
"2026-03-13","549000000","45.9301","https://accounts.profunds.com/etfdata/ByFund/TQQQ-historical_nav.csv","ProShares official historical NAV file; shares converted from thousands"
"2026-03-16","546600000","47.4718","https://accounts.profunds.com/etfdata/ByFund/TQQQ-historical_nav.csv","ProShares official historical NAV file; shares converted from thousands"
"2026-03-17","545900000","48.1813","https://accounts.profunds.com/etfdata/ByFund/TQQQ-historical_nav.csv","ProShares official historical NAV file; shares converted from thousands"
"2026-03-18","545300000","46.0931","https://accounts.profunds.com/etfdata/ByFund/TQQQ-historical_nav.csv","ProShares official historical NAV file; shares converted from thousands"
"2026-03-19","549050000","45.6854","https://accounts.profunds.com/etfdata/ByFund/TQQQ-historical_nav.csv","ProShares official historical NAV file; shares converted from thousands"
"2026-03-20","567600000","43.0803","https://accounts.profunds.com/etfdata/ByFund/TQQQ-historical_nav.csv","ProShares official historical NAV file; shares converted from thousands"
"2026-03-23","554950000","44.6496","https://accounts.profunds.com/etfdata/ByFund/TQQQ-historical_nav.csv","ProShares official historical NAV file; shares converted from thousands"
"2026-03-24","562300000","43.605","https://accounts.profunds.com/etfdata/ByFund/TQQQ-historical_nav.csv","ProShares official historical NAV file; shares converted from thousands"
"2026-03-25","557950000","44.3944","https://accounts.profunds.com/etfdata/ByFund/TQQQ-historical_nav.csv","ProShares official historical NAV file; shares converted from thousands"
"2026-03-26","563400000","41.2103","https://accounts.profunds.com/etfdata/ByFund/TQQQ-historical_nav.csv","ProShares official historical NAV file; shares converted from thousands"
"2026-03-27","566950000","38.7969","https://accounts.profunds.com/etfdata/ByFund/TQQQ-historical_nav.csv","ProShares official historical NAV file; shares converted from thousands"
"2026-03-30","588800000","37.8811","https://accounts.profunds.com/etfdata/ByFund/TQQQ-historical_nav.csv","ProShares official historical NAV file; shares converted from thousands"
"2026-03-31","589100000","41.7652","https://accounts.profunds.com/etfdata/ByFund/TQQQ-historical_nav.csv","ProShares official historical NAV file; shares converted from thousands"
"2026-04-01","586150000","43.2373","https://accounts.profunds.com/etfdata/ByFund/TQQQ-historical_nav.csv","ProShares official historical NAV file; shares converted from thousands"
"2026-04-02","579600000","43.3394","https://accounts.profunds.com/etfdata/ByFund/TQQQ-historical_nav.csv","ProShares official historical NAV file; shares converted from thousands"
"2026-04-06","579600000","44.1204","https://accounts.profunds.com/etfdata/ByFund/TQQQ-historical_nav.csv","ProShares official historical NAV file; shares converted from thousands"
"2026-04-07","574650000","44.1659","https://accounts.profunds.com/etfdata/ByFund/TQQQ-historical_nav.csv","ProShares official historical NAV file; shares converted from thousands"
"2026-04-08","569450000","47.9898","https://accounts.profunds.com/etfdata/ByFund/TQQQ-historical_nav.csv","ProShares official historical NAV file; shares converted from thousands"
"2026-04-09","567100000","49.012","https://accounts.profunds.com/etfdata/ByFund/TQQQ-historical_nav.csv","ProShares official historical NAV file; shares converted from thousands"
"2026-04-10","560300000","49.1734","https://accounts.profunds.com/etfdata/ByFund/TQQQ-historical_nav.csv","ProShares official historical NAV file; shares converted from thousands"
"2026-04-13","555350000","50.7261","https://accounts.profunds.com/etfdata/ByFund/TQQQ-historical_nav.csv","ProShares official historical NAV file; shares converted from thousands"
"2026-04-14","552150000","53.4587","https://accounts.profunds.com/etfdata/ByFund/TQQQ-historical_nav.csv","ProShares official historical NAV file; shares converted from thousands"
"2026-04-15","546600000","55.6922","https://accounts.profunds.com/etfdata/ByFund/TQQQ-historical_nav.csv","ProShares official historical NAV file; shares converted from thousands"
"2026-04-16","539050000","56.4935","https://accounts.profunds.com/etfdata/ByFund/TQQQ-historical_nav.csv","ProShares official historical NAV file; shares converted from thousands"
"2026-04-17","525800000","58.6377","https://accounts.profunds.com/etfdata/ByFund/TQQQ-historical_nav.csv","ProShares official historical NAV file; shares converted from thousands"
"2026-04-20","520750000","58.0787","https://accounts.profunds.com/etfdata/ByFund/TQQQ-historical_nav.csv","ProShares official historical NAV file; shares converted from thousands"
"2026-04-21","517250000","57.337","https://accounts.profunds.com/etfdata/ByFund/TQQQ-historical_nav.csv","ProShares official historical NAV file; shares converted from thousands"
"2026-04-22","514900000","60.2908","https://accounts.profunds.com/etfdata/ByFund/TQQQ-historical_nav.csv","ProShares official historical NAV file; shares converted from thousands"
"2026-04-23","511450000","59.2364","https://accounts.profunds.com/etfdata/ByFund/TQQQ-historical_nav.csv","ProShares official historical NAV file; shares converted from thousands"
"2026-04-24","500450000","62.6406","https://accounts.profunds.com/etfdata/ByFund/TQQQ-historical_nav.csv","ProShares official historical NAV file; shares converted from thousands"
"2026-04-27","497500000","62.6372","https://accounts.profunds.com/etfdata/ByFund/TQQQ-historical_nav.csv","ProShares official historical NAV file; shares converted from thousands"
"2026-04-28","496400000","60.7214","https://accounts.profunds.com/etfdata/ByFund/TQQQ-historical_nav.csv","ProShares official historical NAV file; shares converted from thousands"
"2026-04-29","493150000","61.7684","https://accounts.profunds.com/etfdata/ByFund/TQQQ-historical_nav.csv","ProShares official historical NAV file; shares converted from thousands"
"2026-04-30","491100000","63.559","https://accounts.profunds.com/etfdata/ByFund/TQQQ-historical_nav.csv","ProShares official historical NAV file; shares converted from thousands"
"2026-05-01","481650000","65.3032","https://accounts.profunds.com/etfdata/ByFund/TQQQ-historical_nav.csv","ProShares official historical NAV file; shares converted from thousands"
"2026-05-04","483800000","64.8684","https://accounts.profunds.com/etfdata/ByFund/TQQQ-historical_nav.csv","ProShares official historical NAV file; shares converted from thousands"
"2026-05-05","478800000","67.4183","https://accounts.profunds.com/etfdata/ByFund/TQQQ-historical_nav.csv","ProShares official historical NAV file; shares converted from thousands"
"2026-05-06","476750000","71.6237","https://accounts.profunds.com/etfdata/ByFund/TQQQ-historical_nav.csv","ProShares official historical NAV file; shares converted from thousands"
"2026-05-07","471150000","71.3398","https://accounts.profunds.com/etfdata/ByFund/TQQQ-historical_nav.csv","ProShares official historical NAV file; shares converted from thousands"
"2026-05-08","461550000","76.3167","https://accounts.profunds.com/etfdata/ByFund/TQQQ-historical_nav.csv","ProShares official historical NAV file; shares converted from thousands"
"2026-05-11","463700000","76.982","https://accounts.profunds.com/etfdata/ByFund/TQQQ-historical_nav.csv","ProShares official historical NAV file; shares converted from thousands"
"2026-05-12","468950000","74.9476","https://accounts.profunds.com/etfdata/ByFund/TQQQ-historical_nav.csv","ProShares official historical NAV file; shares converted from thousands"
"2026-05-13","466950000","77.273","https://accounts.profunds.com/etfdata/ByFund/TQQQ-historical_nav.csv","ProShares official historical NAV file; shares converted from thousands"
"2026-05-14","466700000","78.9356","https://accounts.profunds.com/etfdata/ByFund/TQQQ-historical_nav.csv","ProShares official historical NAV file; shares converted from thousands"
"2026-05-15","465900000","75.268","https://accounts.profunds.com/etfdata/ByFund/TQQQ-historical_nav.csv","ProShares official historical NAV file; shares converted from thousands"
"2026-05-18","467200000","74.2363","https://accounts.profunds.com/etfdata/ByFund/TQQQ-historical_nav.csv","ProShares official historical NAV file; shares converted from thousands"
"2026-05-19","466550000","72.8742","https://accounts.profunds.com/etfdata/ByFund/TQQQ-historical_nav.csv","ProShares official historical NAV file; shares converted from thousands"
"2026-05-20","465200000","76.4821","https://accounts.profunds.com/etfdata/ByFund/TQQQ-historical_nav.csv","ProShares official historical NAV file; shares converted from thousands"
"2026-05-21","464350000","76.9558","https://accounts.profunds.com/etfdata/ByFund/TQQQ-historical_nav.csv","ProShares official historical NAV file; shares converted from thousands"
"2026-05-22","472200000","77.8547","https://accounts.profunds.com/etfdata/ByFund/TQQQ-historical_nav.csv","ProShares official historical NAV file; shares converted from thousands"
"2026-05-26","469450000","81.9415","https://accounts.profunds.com/etfdata/ByFund/TQQQ-historical_nav.csv","ProShares official historical NAV file; shares converted from thousands"
"2026-05-27","471500000","81.6975","https://accounts.profunds.com/etfdata/ByFund/TQQQ-historical_nav.csv","ProShares official historical NAV file; shares converted from thousands"
"2026-05-28","470300000","83.7212","https://accounts.profunds.com/etfdata/ByFund/TQQQ-historical_nav.csv","ProShares official historical NAV file; shares converted from thousands"
"2026-05-29","470000000","84.5718","https://accounts.profunds.com/etfdata/ByFund/TQQQ-historical_nav.csv","ProShares official historical NAV file; shares converted from thousands"
"2026-06-01","467650000","86.0524","https://accounts.profunds.com/etfdata/ByFund/TQQQ-historical_nav.csv","ProShares official historical NAV file; shares converted from thousands"
"2026-06-02","465450000","87.2722","https://accounts.profunds.com/etfdata/ByFund/TQQQ-historical_nav.csv","ProShares official historical NAV file; shares converted from thousands"
"2026-06-03","465200000","86.4888","https://accounts.profunds.com/etfdata/ByFund/TQQQ-historical_nav.csv","ProShares official historical NAV file; shares converted from thousands"
"2026-06-04","465700000","85.1332","https://accounts.profunds.com/etfdata/ByFund/TQQQ-historical_nav.csv","ProShares official historical NAV file; shares converted from thousands"
"2026-06-05","469200000","72.9149","https://accounts.profunds.com/etfdata/ByFund/TQQQ-historical_nav.csv","ProShares official historical NAV file; shares converted from thousands"
"2026-06-08","471650000","76.3344","https://accounts.profunds.com/etfdata/ByFund/TQQQ-historical_nav.csv","ProShares official historical NAV file; shares converted from thousands"
"2026-06-09","473150000","73.7461","https://accounts.profunds.com/etfdata/ByFund/TQQQ-historical_nav.csv","ProShares official historical NAV file; shares converted from thousands"
"2026-06-10","475850000","69.3414","https://accounts.profunds.com/etfdata/ByFund/TQQQ-historical_nav.csv","ProShares official historical NAV file; shares converted from thousands"
"2026-06-11","473100000","76.1584","https://accounts.profunds.com/etfdata/ByFund/TQQQ-historical_nav.csv","ProShares official historical NAV file; shares converted from thousands"
"2026-06-12","475750000","77.5756","https://accounts.profunds.com/etfdata/ByFund/TQQQ-historical_nav.csv","ProShares official historical NAV file; shares converted from thousands"
"2026-06-15","474550000","84.6982","https://accounts.profunds.com/etfdata/ByFund/TQQQ-historical_nav.csv","ProShares official historical NAV file; shares converted from thousands"
"2026-06-16","477200000","79.8912","https://accounts.profunds.com/etfdata/ByFund/TQQQ-historical_nav.csv","ProShares official historical NAV file; shares converted from thousands"
"2026-06-17","477850000","77.4907","https://accounts.profunds.com/etfdata/ByFund/TQQQ-historical_nav.csv","ProShares official historical NAV file; shares converted from thousands"
"2026-06-18","472300000","83.1602","https://accounts.profunds.com/etfdata/ByFund/TQQQ-historical_nav.csv","ProShares official historical NAV file; shares converted from thousands"
"2026-06-22","472800000","82.6565","https://accounts.profunds.com/etfdata/ByFund/TQQQ-historical_nav.csv","ProShares official historical NAV file; shares converted from thousands"
"2026-06-23","478600000","74.4704","https://accounts.profunds.com/etfdata/ByFund/TQQQ-historical_nav.csv","ProShares official historical NAV file; shares converted from thousands"
"2026-06-24","481450000","73.3079","https://accounts.profunds.com/etfdata/ByFund/TQQQ-historical_nav.csv","ProShares official historical NAV file; shares converted from thousands"
"2026-06-25","478400000","74.9354","https://accounts.profunds.com/etfdata/ByFund/TQQQ-historical_nav.csv","ProShares official historical NAV file; shares converted from thousands"
"2026-06-26","482500000","72.4001","https://accounts.profunds.com/etfdata/ByFund/TQQQ-historical_nav.csv","ProShares official historical NAV file; shares converted from thousands"
"2026-06-29","480150000","77.2776","https://accounts.profunds.com/etfdata/ByFund/TQQQ-historical_nav.csv","ProShares official historical NAV file; shares converted from thousands"
"2026-06-30","478300000","81.1597","https://accounts.profunds.com/etfdata/ByFund/TQQQ-historical_nav.csv","ProShares official historical NAV file; shares converted from thousands"
"2026-07-01","479500000","77.4088","https://accounts.profunds.com/etfdata/ByFund/TQQQ-historical_nav.csv","ProShares official historical NAV file; shares converted from thousands"
"2026-07-02","483100000","73.5695","https://accounts.profunds.com/etfdata/ByFund/TQQQ-historical_nav.csv","ProShares official historical NAV file; shares converted from thousands"
"2026-07-06","481150000","76.3361","https://accounts.profunds.com/etfdata/ByFund/TQQQ-historical_nav.csv","ProShares official historical NAV file; shares converted from thousands"
"2026-07-07","484150000","72.26","https://accounts.profunds.com/etfdata/ByFund/TQQQ-historical_nav.csv","ProShares official historical NAV file; shares converted from thousands"
"2026-07-08","485150000","72.8293","https://accounts.profunds.com/etfdata/ByFund/TQQQ-historical_nav.csv","ProShares official historical NAV file; shares converted from thousands"
"2026-07-09","480800000","76.3532","https://accounts.profunds.com/etfdata/ByFund/TQQQ-historical_nav.csv","ProShares official historical NAV file; shares converted from thousands"
"2026-07-10","479250000","77.0473","https://accounts.profunds.com/etfdata/ByFund/TQQQ-historical_nav.csv","ProShares official historical NAV file; shares converted from thousands"
"2026-07-13","483550000","72.6778","https://accounts.profunds.com/etfdata/ByFund/TQQQ-historical_nav.csv","ProShares official historical NAV file; shares converted from thousands"
"2026-07-14","483900000","75.0527","https://accounts.profunds.com/etfdata/ByFund/TQQQ-historical_nav.csv","ProShares official historical NAV file; shares converted from thousands"
"2026-07-15","482550000","74.3908","https://accounts.profunds.com/etfdata/ByFund/TQQQ-historical_nav.csv","ProShares official historical NAV file; shares converted from thousands"
"2026-07-16","485850000","70.7676","https://accounts.profunds.com/etfdata/ByFund/TQQQ-historical_nav.csv","ProShares official historical NAV file; shares converted from thousands"
"2026-07-17","493150000","67.5382","https://accounts.profunds.com/etfdata/ByFund/TQQQ-historical_nav.csv","ProShares official historical NAV file; shares converted from thousands"
"2026-07-20","495850000","67.5931","https://accounts.profunds.com/etfdata/ByFund/TQQQ-historical_nav.csv","ProShares official historical NAV file; shares converted from thousands"
"2026-07-21","494200000","71.4741","https://accounts.profunds.com/etfdata/ByFund/TQQQ-historical_nav.csv","ProShares official historical NAV file; shares converted from thousands"
"2026-07-22","492150000","70.3068","https://accounts.profunds.com/etfdata/ByFund/TQQQ-historical_nav.csv","ProShares official historical NAV file; shares converted from thousands"
"2026-07-23","496000000","66.3292","https://accounts.profunds.com/etfdata/ByFund/TQQQ-historical_nav.csv","ProShares official historical NAV file; shares converted from thousands"
"2026-07-24","495800000","63.9921","https://accounts.profunds.com/etfdata/ByFund/TQQQ-historical_nav.csv","ProShares official historical NAV file; shares converted from thousands"
"2026-07-27","501550000","63.3611","https://accounts.profunds.com/etfdata/ByFund/TQQQ-historical_nav.csv","ProShares official historical NAV file; shares converted from thousands"
"2026-07-28","506800000","61.4854","https://accounts.profunds.com/etfdata/ByFund/TQQQ-historical_nav.csv","ProShares official historical NAV file; shares converted from thousands"
"2026-07-29","509200000","57.6759","https://accounts.profunds.com/etfdata/ByFund/TQQQ-historical_nav.csv","ProShares official historical NAV file; shares converted from thousands"
"2026-07-30","508550000","63.465","https://accounts.profunds.com/etfdata/ByFund/TQQQ-historical_nav.csv","ProShares official historical NAV file; shares converted from thousands"
"2026-07-31","505600000","64.5584","https://accounts.profunds.com/etfdata/ByFund/TQQQ-historical_nav.csv","ProShares official historical NAV file; shares converted from thousands"
"2026-08-03","506050000","67.9743","https://accounts.profunds.com/etfdata/ByFund/TQQQ-historical_nav.csv","ProShares official historical NAV file; shares converted from thousands"
"2026-08-04","502650000","74.7355","https://accounts.profunds.com/etfdata/ByFund/TQQQ-historical_nav.csv","ProShares official historical NAV file; shares converted from thousands"
"2026-08-05","501600000","72.8618","https://accounts.profunds.com/etfdata/ByFund/TQQQ-historical_nav.csv","ProShares official historical NAV file; shares converted from thousands"
"2026-08-06","502000000","71.9913","https://accounts.profunds.com/etfdata/ByFund/TQQQ-historical_nav.csv","ProShares official historical NAV file; shares converted from thousands"
"2026-08-07","501400000","74.4978","https://accounts.profunds.com/etfdata/ByFund/TQQQ-historical_nav.csv","ProShares official historical NAV file; shares converted from thousands"
"2026-08-10","502100000","73.7369","https://accounts.profunds.com/etfdata/ByFund/TQQQ-historical_nav.csv","ProShares official historical NAV file; shares converted from thousands"
"2026-08-11","503950000","72.9935","https://accounts.profunds.com/etfdata/ByFund/TQQQ-historical_nav.csv","ProShares official historical NAV file; shares converted from thousands"
"2026-08-12","503650000","74.587","https://accounts.profunds.com/etfdata/ByFund/TQQQ-historical_nav.csv","ProShares official historical NAV file; shares converted from thousands"
"2026-08-13","500950000","77.1382","https://accounts.profunds.com/etfdata/ByFund/TQQQ-historical_nav.csv","ProShares official historical NAV file; shares converted from thousands"
"2026-08-14","499750000","76.789","https://accounts.profunds.com/etfdata/ByFund/TQQQ-historical_nav.csv","ProShares official historical NAV file; shares converted from thousands"
"2026-08-17","500350000","76.3812","https://accounts.profunds.com/etfdata/ByFund/TQQQ-historical_nav.csv","ProShares official historical NAV file; shares converted from thousands"
"2026-08-18","500650000","72.5084","https://accounts.profunds.com/etfdata/ByFund/TQQQ-historical_nav.csv","ProShares official historical NAV file; shares converted from thousands"
"2026-08-19","500850000","72.0066","https://accounts.profunds.com/etfdata/ByFund/TQQQ-historical_nav.csv","ProShares official historical NAV file; shares converted from thousands"
"2026-08-20","503300000","70.4535","https://accounts.profunds.com/etfdata/ByFund/TQQQ-historical_nav.csv","ProShares official historical NAV file; shares converted from thousands"
"2026-08-21","503800000","71.1069","https://accounts.profunds.com/etfdata/ByFund/TQQQ-historical_nav.csv","ProShares official historical NAV file; shares converted from thousands"
"2026-08-24","506000000","69.0101","https://accounts.profunds.com/etfdata/ByFund/TQQQ-historical_nav.csv","ProShares official historical NAV file; shares converted from thousands"
"2026-08-25","506000000","70.3123","https://accounts.profunds.com/etfdata/ByFund/TQQQ-historical_nav.csv","ProShares official historical NAV file; shares converted from thousands"
"2026-08-26","505500000","70.4026","https://accounts.profunds.com/etfdata/ByFund/TQQQ-historical_nav.csv","ProShares official historical NAV file; shares converted from thousands"
"2026-08-27","502350000","73.3916","https://accounts.profunds.com/etfdata/ByFund/TQQQ-historical_nav.csv","ProShares official historical NAV file; shares converted from thousands"
"2026-08-28","501950000","71.7997","https://accounts.profunds.com/etfdata/ByFund/TQQQ-historical_nav.csv","ProShares official historical NAV file; shares converted from thousands"
"2026-08-31","501800000","71.9479","https://accounts.profunds.com/etfdata/ByFund/TQQQ-historical_nav.csv","ProShares official historical NAV file; shares converted from thousands"
"2026-09-01","503750000","69.1473","https://accounts.profunds.com/etfdata/ByFund/TQQQ-historical_nav.csv","ProShares official historical NAV file; shares converted from thousands"
"2026-09-02","499500000","69.5982","https://accounts.profunds.com/etfdata/ByFund/TQQQ-historical_nav.csv","ProShares official historical NAV file; shares converted from thousands"
"2026-09-03","496050000","72.0228","https://accounts.profunds.com/etfdata/ByFund/TQQQ-historical_nav.csv","ProShares official historical NAV file; shares converted from thousands"
"2026-09-04","499650000","72.4299","https://accounts.profunds.com/etfdata/ByFund/TQQQ-historical_nav.csv","ProShares official historical NAV file; shares converted from thousands"
"2026-09-08","500600000","72.1399","https://accounts.profunds.com/etfdata/ByFund/TQQQ-historical_nav.csv","ProShares official historical NAV file; shares converted from thousands"
"2026-09-09","499800000","71.489","https://accounts.profunds.com/etfdata/ByFund/TQQQ-historical_nav.csv","ProShares official historical NAV file; shares converted from thousands"
"2026-09-10","501900000","69.1693","https://accounts.profunds.com/etfdata/ByFund/TQQQ-historical_nav.csv","ProShares official historical NAV file; shares converted from thousands"
"2026-09-11","501900000","71.0066","https://accounts.profunds.com/etfdata/ByFund/TQQQ-historical_nav.csv","ProShares official historical NAV file; shares converted from thousands"
"2026-09-14","501450000","69.234","https://accounts.profunds.com/etfdata/ByFund/TQQQ-historical_nav.csv","ProShares official historical NAV file; shares converted from thousands"
"2026-09-15","502200000","67.8719","https://accounts.profunds.com/etfdata/ByFund/TQQQ-historical_nav.csv","ProShares official historical NAV file; shares converted from thousands"
"2026-09-16","509300000","67.9038","https://accounts.profunds.com/etfdata/ByFund/TQQQ-historical_nav.csv","ProShares official historical NAV file; shares converted from thousands"
"2026-09-17","506800000","71.414","https://accounts.profunds.com/etfdata/ByFund/TQQQ-historical_nav.csv","ProShares official historical NAV file; shares converted from thousands"
"2026-09-18","503150000","72.7813","https://accounts.profunds.com/etfdata/ByFund/TQQQ-historical_nav.csv","ProShares official historical NAV file; shares converted from thousands"
"2026-09-21","496800000","78.9494","https://accounts.profunds.com/etfdata/ByFund/TQQQ-historical_nav.csv","ProShares official historical NAV file; shares converted from thousands"
"2026-09-22","491050000","80.8656","https://accounts.profunds.com/etfdata/ByFund/TQQQ-historical_nav.csv","ProShares official historical NAV file; shares converted from thousands"
"2026-09-23","488750000","78.6228","https://accounts.profunds.com/etfdata/ByFund/TQQQ-historical_nav.csv","ProShares official historical NAV file; shares converted from thousands"
"2026-09-24","486450000","78.6662","https://accounts.profunds.com/etfdata/ByFund/TQQQ-historical_nav.csv","ProShares official historical NAV file; shares converted from thousands"
"2026-09-25","486100000","79.5962","https://accounts.profunds.com/etfdata/ByFund/TQQQ-historical_nav.csv","ProShares official historical NAV file; shares converted from thousands"
"2026-09-28","486050000","76.9929","https://accounts.profunds.com/etfdata/ByFund/TQQQ-historical_nav.csv","ProShares official historical NAV file; shares converted from thousands"
"2026-09-29","486450000","77.4405","https://accounts.profunds.com/etfdata/ByFund/TQQQ-historical_nav.csv","ProShares official historical NAV file; shares converted from thousands"
"2026-09-30","483950000","77.9601","https://accounts.profunds.com/etfdata/ByFund/TQQQ-historical_nav.csv","ProShares official historical NAV file; shares converted from thousands"
"2026-10-01","485800000","78.6484","https://accounts.profunds.com/etfdata/ByFund/TQQQ-historical_nav.csv","ProShares official historical NAV file; shares converted from thousands"
"2026-10-02","482650000","80.9645","https://accounts.profunds.com/etfdata/ByFund/TQQQ-historical_nav.csv","ProShares official historical NAV file; shares converted from thousands"
"2026-10-05","482900000","83.0511","https://accounts.profunds.com/etfdata/ByFund/TQQQ-historical_nav.csv","ProShares official historical NAV file; shares converted from thousands"
"2026-10-06","482650000","84.2169","https://accounts.profunds.com/etfdata/ByFund/TQQQ-historical_nav.csv","ProShares official historical NAV file; shares converted from thousands"
