date,shares_outstanding,nav,source_url,source_note
2025-07-31,318755897.0,262.47066,https://www.ssga.com/library-content/products/fund-data/etfs/us/navhist-us-en-xlk.xlsx,State Street official daily NAV/share history
2025-08-01,319005897.0,257.151333,https://www.ssga.com/library-content/products/fund-data/etfs/us/navhist-us-en-xlk.xlsx,State Street official daily NAV/share history
2025-08-04,319755897.0,262.270522,https://www.ssga.com/library-content/products/fund-data/etfs/us/navhist-us-en-xlk.xlsx,State Street official daily NAV/share history
2025-08-05,319705897.0,260.126029,https://www.ssga.com/library-content/products/fund-data/etfs/us/navhist-us-en-xlk.xlsx,State Street official daily NAV/share history
2025-08-06,319505897.0,263.100552,https://www.ssga.com/library-content/products/fund-data/etfs/us/navhist-us-en-xlk.xlsx,State Street official daily NAV/share history
2025-08-07,319755897.0,263.252132,https://www.ssga.com/library-content/products/fund-data/etfs/us/navhist-us-en-xlk.xlsx,State Street official daily NAV/share history
2025-08-08,319655897.0,265.883767,https://www.ssga.com/library-content/products/fund-data/etfs/us/navhist-us-en-xlk.xlsx,State Street official daily NAV/share history
2025-08-11,319605897.0,264.143372,https://www.ssga.com/library-content/products/fund-data/etfs/us/navhist-us-en-xlk.xlsx,State Street official daily NAV/share history
2025-08-12,319605897.0,268.237927,https://www.ssga.com/library-content/products/fund-data/etfs/us/navhist-us-en-xlk.xlsx,State Street official daily NAV/share history
2025-08-13,319955897.0,268.337355,https://www.ssga.com/library-content/products/fund-data/etfs/us/navhist-us-en-xlk.xlsx,State Street official daily NAV/share history
2025-08-14,320055897.0,267.785775,https://www.ssga.com/library-content/products/fund-data/etfs/us/navhist-us-en-xlk.xlsx,State Street official daily NAV/share history
2025-08-15,319355897.0,265.707914,https://www.ssga.com/library-content/products/fund-data/etfs/us/navhist-us-en-xlk.xlsx,State Street official daily NAV/share history
2025-08-18,319405897.0,266.300824,https://www.ssga.com/library-content/products/fund-data/etfs/us/navhist-us-en-xlk.xlsx,State Street official daily NAV/share history
2025-08-19,319305897.0,261.591825,https://www.ssga.com/library-content/products/fund-data/etfs/us/navhist-us-en-xlk.xlsx,State Street official daily NAV/share history
2025-08-20,319105897.0,259.916392,https://www.ssga.com/library-content/products/fund-data/etfs/us/navhist-us-en-xlk.xlsx,State Street official daily NAV/share history
2025-08-21,320255897.0,258.902913,https://www.ssga.com/library-content/products/fund-data/etfs/us/navhist-us-en-xlk.xlsx,State Street official daily NAV/share history
2025-08-22,319805897.0,262.490695,https://www.ssga.com/library-content/products/fund-data/etfs/us/navhist-us-en-xlk.xlsx,State Street official daily NAV/share history
2025-08-25,319605897.0,261.880738,https://www.ssga.com/library-content/products/fund-data/etfs/us/navhist-us-en-xlk.xlsx,State Street official daily NAV/share history
2025-08-26,319855897.0,263.062777,https://www.ssga.com/library-content/products/fund-data/etfs/us/navhist-us-en-xlk.xlsx,State Street official daily NAV/share history
2025-08-27,319855897.0,264.375989,https://www.ssga.com/library-content/products/fund-data/etfs/us/navhist-us-en-xlk.xlsx,State Street official daily NAV/share history
2025-08-28,319755897.0,266.521764,https://www.ssga.com/library-content/products/fund-data/etfs/us/navhist-us-en-xlk.xlsx,State Street official daily NAV/share history
2025-08-29,319905897.0,262.391757,https://www.ssga.com/library-content/products/fund-data/etfs/us/navhist-us-en-xlk.xlsx,State Street official daily NAV/share history
2025-09-02,320055897.0,259.896657,https://www.ssga.com/library-content/products/fund-data/etfs/us/navhist-us-en-xlk.xlsx,State Street official daily NAV/share history
2025-09-03,319705897.0,261.381548,https://www.ssga.com/library-content/products/fund-data/etfs/us/navhist-us-en-xlk.xlsx,State Street official daily NAV/share history
2025-09-04,319355897.0,262.675929,https://www.ssga.com/library-content/products/fund-data/etfs/us/navhist-us-en-xlk.xlsx,State Street official daily NAV/share history
2025-09-05,319705897.0,262.87729,https://www.ssga.com/library-content/products/fund-data/etfs/us/navhist-us-en-xlk.xlsx,State Street official daily NAV/share history
2025-09-08,319705897.0,264.76848,https://www.ssga.com/library-content/products/fund-data/etfs/us/navhist-us-en-xlk.xlsx,State Street official daily NAV/share history
2025-09-09,319555897.0,265.333324,https://www.ssga.com/library-content/products/fund-data/etfs/us/navhist-us-en-xlk.xlsx,State Street official daily NAV/share history
2025-09-10,319655897.0,270.186951,https://www.ssga.com/library-content/products/fund-data/etfs/us/navhist-us-en-xlk.xlsx,State Street official daily NAV/share history
2025-09-11,319655897.0,270.983987,https://www.ssga.com/library-content/products/fund-data/etfs/us/navhist-us-en-xlk.xlsx,State Street official daily NAV/share history
2025-09-12,319405897.0,270.892073,https://www.ssga.com/library-content/products/fund-data/etfs/us/navhist-us-en-xlk.xlsx,State Street official daily NAV/share history
2025-09-15,319705897.0,273.304526,https://www.ssga.com/library-content/products/fund-data/etfs/us/navhist-us-en-xlk.xlsx,State Street official daily NAV/share history
2025-09-16,319855897.0,272.343124,https://www.ssga.com/library-content/products/fund-data/etfs/us/navhist-us-en-xlk.xlsx,State Street official daily NAV/share history
2025-09-17,320005897.0,271.464253,https://www.ssga.com/library-content/products/fund-data/etfs/us/navhist-us-en-xlk.xlsx,State Street official daily NAV/share history
2025-09-18,328805897.0,276.17838,https://www.ssga.com/library-content/products/fund-data/etfs/us/navhist-us-en-xlk.xlsx,State Street official daily NAV/share history
2025-09-19,328755897.0,278.891818,https://www.ssga.com/library-content/products/fund-data/etfs/us/navhist-us-en-xlk.xlsx,State Street official daily NAV/share history
2025-09-22,319555897.0,282.716151,https://www.ssga.com/library-content/products/fund-data/etfs/us/navhist-us-en-xlk.xlsx,State Street official daily NAV/share history
2025-09-23,319305897.0,280.116116,https://www.ssga.com/library-content/products/fund-data/etfs/us/navhist-us-en-xlk.xlsx,State Street official daily NAV/share history
2025-09-24,319555897.0,278.514743,https://www.ssga.com/library-content/products/fund-data/etfs/us/navhist-us-en-xlk.xlsx,State Street official daily NAV/share history
2025-09-25,319055897.0,277.998178,https://www.ssga.com/library-content/products/fund-data/etfs/us/navhist-us-en-xlk.xlsx,State Street official daily NAV/share history
2025-09-26,318955897.0,278.801961,https://www.ssga.com/library-content/products/fund-data/etfs/us/navhist-us-en-xlk.xlsx,State Street official daily NAV/share history
2025-09-29,318955897.0,280.199135,https://www.ssga.com/library-content/products/fund-data/etfs/us/navhist-us-en-xlk.xlsx,State Street official daily NAV/share history
2025-09-30,320005897.0,282.025711,https://www.ssga.com/library-content/products/fund-data/etfs/us/navhist-us-en-xlk.xlsx,State Street official daily NAV/share history
2025-10-01,319755897.0,284.644574,https://www.ssga.com/library-content/products/fund-data/etfs/us/navhist-us-en-xlk.xlsx,State Street official daily NAV/share history
2025-10-02,320355897.0,286.192015,https://www.ssga.com/library-content/products/fund-data/etfs/us/navhist-us-en-xlk.xlsx,State Street official daily NAV/share history
2025-10-03,320255897.0,284.698653,https://www.ssga.com/library-content/products/fund-data/etfs/us/navhist-us-en-xlk.xlsx,State Street official daily NAV/share history
2025-10-06,319805897.0,287.594401,https://www.ssga.com/library-content/products/fund-data/etfs/us/navhist-us-en-xlk.xlsx,State Street official daily NAV/share history
2025-10-07,320805897.0,285.686576,https://www.ssga.com/library-content/products/fund-data/etfs/us/navhist-us-en-xlk.xlsx,State Street official daily NAV/share history
2025-10-08,321155897.0,290.657682,https://www.ssga.com/library-content/products/fund-data/etfs/us/navhist-us-en-xlk.xlsx,State Street official daily NAV/share history
2025-10-09,320205897.0,290.207609,https://www.ssga.com/library-content/products/fund-data/etfs/us/navhist-us-en-xlk.xlsx,State Street official daily NAV/share history
2025-10-10,320555897.0,278.429667,https://www.ssga.com/library-content/products/fund-data/etfs/us/navhist-us-en-xlk.xlsx,State Street official daily NAV/share history
2025-10-13,319755897.0,285.216883,https://www.ssga.com/library-content/products/fund-data/etfs/us/navhist-us-en-xlk.xlsx,State Street official daily NAV/share history
2025-10-14,320105897.0,281.413102,https://www.ssga.com/library-content/products/fund-data/etfs/us/navhist-us-en-xlk.xlsx,State Street official daily NAV/share history
2025-10-15,319755897.0,284.246848,https://www.ssga.com/library-content/products/fund-data/etfs/us/navhist-us-en-xlk.xlsx,State Street official daily NAV/share history
2025-10-16,319805897.0,284.517449,https://www.ssga.com/library-content/products/fund-data/etfs/us/navhist-us-en-xlk.xlsx,State Street official daily NAV/share history
2025-10-17,320305897.0,284.919263,https://www.ssga.com/library-content/products/fund-data/etfs/us/navhist-us-en-xlk.xlsx,State Street official daily NAV/share history
2025-10-20,320955897.0,288.235415,https://www.ssga.com/library-content/products/fund-data/etfs/us/navhist-us-en-xlk.xlsx,State Street official daily NAV/share history
2025-10-21,321355897.0,288.328053,https://www.ssga.com/library-content/products/fund-data/etfs/us/navhist-us-en-xlk.xlsx,State Street official daily NAV/share history
2025-10-22,321455897.0,285.478147,https://www.ssga.com/library-content/products/fund-data/etfs/us/navhist-us-en-xlk.xlsx,State Street official daily NAV/share history
2025-10-23,320955897.0,289.073246,https://www.ssga.com/library-content/products/fund-data/etfs/us/navhist-us-en-xlk.xlsx,State Street official daily NAV/share history
2025-10-24,321005897.0,293.633754,https://www.ssga.com/library-content/products/fund-data/etfs/us/navhist-us-en-xlk.xlsx,State Street official daily NAV/share history
2025-10-27,322355897.0,299.127919,https://www.ssga.com/library-content/products/fund-data/etfs/us/navhist-us-en-xlk.xlsx,State Street official daily NAV/share history
2025-10-28,321105897.0,301.904257,https://www.ssga.com/library-content/products/fund-data/etfs/us/navhist-us-en-xlk.xlsx,State Street official daily NAV/share history
2025-10-29,322655897.0,304.15166,https://www.ssga.com/library-content/products/fund-data/etfs/us/navhist-us-en-xlk.xlsx,State Street official daily NAV/share history
2025-10-30,323005897.0,300.419796,https://www.ssga.com/library-content/products/fund-data/etfs/us/navhist-us-en-xlk.xlsx,State Street official daily NAV/share history
2025-10-31,322805897.0,300.586629,https://www.ssga.com/library-content/products/fund-data/etfs/us/navhist-us-en-xlk.xlsx,State Street official daily NAV/share history
2025-11-03,322905897.0,301.943628,https://www.ssga.com/library-content/products/fund-data/etfs/us/navhist-us-en-xlk.xlsx,State Street official daily NAV/share history
2025-11-04,322555897.0,293.839248,https://www.ssga.com/library-content/products/fund-data/etfs/us/navhist-us-en-xlk.xlsx,State Street official daily NAV/share history
2025-11-05,322255897.0,295.121395,https://www.ssga.com/library-content/products/fund-data/etfs/us/navhist-us-en-xlk.xlsx,State Street official daily NAV/share history
2025-11-06,321955897.0,289.016825,https://www.ssga.com/library-content/products/fund-data/etfs/us/navhist-us-en-xlk.xlsx,State Street official daily NAV/share history
2025-11-07,322505897.0,288.134754,https://www.ssga.com/library-content/products/fund-data/etfs/us/navhist-us-en-xlk.xlsx,State Street official daily NAV/share history
2025-11-10,322805897.0,295.640174,https://www.ssga.com/library-content/products/fund-data/etfs/us/navhist-us-en-xlk.xlsx,State Street official daily NAV/share history
2025-11-11,322905897.0,292.91884,https://www.ssga.com/library-content/products/fund-data/etfs/us/navhist-us-en-xlk.xlsx,State Street official daily NAV/share history
2025-11-12,323655897.0,293.948164,https://www.ssga.com/library-content/products/fund-data/etfs/us/navhist-us-en-xlk.xlsx,State Street official daily NAV/share history
2025-11-13,322905897.0,286.500014,https://www.ssga.com/library-content/products/fund-data/etfs/us/navhist-us-en-xlk.xlsx,State Street official daily NAV/share history
2025-11-14,323655897.0,288.090158,https://www.ssga.com/library-content/products/fund-data/etfs/us/navhist-us-en-xlk.xlsx,State Street official daily NAV/share history
2025-11-17,323505897.0,283.607702,https://www.ssga.com/library-content/products/fund-data/etfs/us/navhist-us-en-xlk.xlsx,State Street official daily NAV/share history
2025-11-18,324105897.0,278.916782,https://www.ssga.com/library-content/products/fund-data/etfs/us/navhist-us-en-xlk.xlsx,State Street official daily NAV/share history
2025-11-19,324205897.0,280.952512,https://www.ssga.com/library-content/products/fund-data/etfs/us/navhist-us-en-xlk.xlsx,State Street official daily NAV/share history
2025-11-20,326205897.0,272.125434,https://www.ssga.com/library-content/products/fund-data/etfs/us/navhist-us-en-xlk.xlsx,State Street official daily NAV/share history
2025-11-21,326305897.0,273.244168,https://www.ssga.com/library-content/products/fund-data/etfs/us/navhist-us-en-xlk.xlsx,State Street official daily NAV/share history
2025-11-24,326255897.0,279.889061,https://www.ssga.com/library-content/products/fund-data/etfs/us/navhist-us-en-xlk.xlsx,State Street official daily NAV/share history
2025-11-25,326105897.0,280.489239,https://www.ssga.com/library-content/products/fund-data/etfs/us/navhist-us-en-xlk.xlsx,State Street official daily NAV/share history
2025-11-26,326955897.0,283.7931,https://www.ssga.com/library-content/products/fund-data/etfs/us/navhist-us-en-xlk.xlsx,State Street official daily NAV/share history
2025-11-28,326505897.0,286.25379,https://www.ssga.com/library-content/products/fund-data/etfs/us/navhist-us-en-xlk.xlsx,State Street official daily NAV/share history
2025-12-01,326405897.0,286.369031,https://www.ssga.com/library-content/products/fund-data/etfs/us/navhist-us-en-xlk.xlsx,State Street official daily NAV/share history
2025-12-02,326105897.0,289.29666,https://www.ssga.com/library-content/products/fund-data/etfs/us/navhist-us-en-xlk.xlsx,State Street official daily NAV/share history
2025-12-03,326205897.0,289.923174,https://www.ssga.com/library-content/products/fund-data/etfs/us/navhist-us-en-xlk.xlsx,State Street official daily NAV/share history
2025-12-04,325805897.0,291.043301,https://www.ssga.com/library-content/products/fund-data/etfs/us/navhist-us-en-xlk.xlsx,State Street official daily NAV/share history
2025-12-05,650611794.0,146.61729,https://www.ssga.com/library-content/products/fund-data/etfs/us/navhist-us-en-xlk.xlsx,State Street official daily NAV/share history
2025-12-08,649861794.0,147.629612,https://www.ssga.com/library-content/products/fund-data/etfs/us/navhist-us-en-xlk.xlsx,State Street official daily NAV/share history
2025-12-09,648661794.0,148.022543,https://www.ssga.com/library-content/products/fund-data/etfs/us/navhist-us-en-xlk.xlsx,State Street official daily NAV/share history
2025-12-10,648161794.0,148.747343,https://www.ssga.com/library-content/products/fund-data/etfs/us/navhist-us-en-xlk.xlsx,State Street official daily NAV/share history
2025-12-11,647211794.0,147.964034,https://www.ssga.com/library-content/products/fund-data/etfs/us/navhist-us-en-xlk.xlsx,State Street official daily NAV/share history
2025-12-12,646161794.0,143.682454,https://www.ssga.com/library-content/products/fund-data/etfs/us/navhist-us-en-xlk.xlsx,State Street official daily NAV/share history
2025-12-15,647811794.0,142.298956,https://www.ssga.com/library-content/products/fund-data/etfs/us/navhist-us-en-xlk.xlsx,State Street official daily NAV/share history
2025-12-16,647661794.0,142.586042,https://www.ssga.com/library-content/products/fund-data/etfs/us/navhist-us-en-xlk.xlsx,State Street official daily NAV/share history
2025-12-17,647261794.0,139.355365,https://www.ssga.com/library-content/products/fund-data/etfs/us/navhist-us-en-xlk.xlsx,State Street official daily NAV/share history
2025-12-18,648311794.0,141.551893,https://www.ssga.com/library-content/products/fund-data/etfs/us/navhist-us-en-xlk.xlsx,State Street official daily NAV/share history
2025-12-19,647311794.0,144.566046,https://www.ssga.com/library-content/products/fund-data/etfs/us/navhist-us-en-xlk.xlsx,State Street official daily NAV/share history
2025-12-22,644111794.0,145.186181,https://www.ssga.com/library-content/products/fund-data/etfs/us/navhist-us-en-xlk.xlsx,State Street official daily NAV/share history
2025-12-23,643111794.0,145.971163,https://www.ssga.com/library-content/products/fund-data/etfs/us/navhist-us-en-xlk.xlsx,State Street official daily NAV/share history
2025-12-24,643811794.0,146.338725,https://www.ssga.com/library-content/products/fund-data/etfs/us/navhist-us-en-xlk.xlsx,State Street official daily NAV/share history
2025-12-26,644011794.0,146.503511,https://www.ssga.com/library-content/products/fund-data/etfs/us/navhist-us-en-xlk.xlsx,State Street official daily NAV/share history
2025-12-29,644011794.0,145.898297,https://www.ssga.com/library-content/products/fund-data/etfs/us/navhist-us-en-xlk.xlsx,State Street official daily NAV/share history
2025-12-30,643161794.0,145.408713,https://www.ssga.com/library-content/products/fund-data/etfs/us/navhist-us-en-xlk.xlsx,State Street official daily NAV/share history
2025-12-31,642411794.0,143.952329,https://www.ssga.com/library-content/products/fund-data/etfs/us/navhist-us-en-xlk.xlsx,State Street official daily NAV/share history
2026-01-02,641011794.0,144.307882,https://www.ssga.com/library-content/products/fund-data/etfs/us/navhist-us-en-xlk.xlsx,State Street official daily NAV/share history
2026-01-05,643361794.0,144.639739,https://www.ssga.com/library-content/products/fund-data/etfs/us/navhist-us-en-xlk.xlsx,State Street official daily NAV/share history
2026-01-06,641861794.0,146.674618,https://www.ssga.com/library-content/products/fund-data/etfs/us/navhist-us-en-xlk.xlsx,State Street official daily NAV/share history
2026-01-07,641461794.0,146.502367,https://www.ssga.com/library-content/products/fund-data/etfs/us/navhist-us-en-xlk.xlsx,State Street official daily NAV/share history
2026-01-08,642811794.0,144.251303,https://www.ssga.com/library-content/products/fund-data/etfs/us/navhist-us-en-xlk.xlsx,State Street official daily NAV/share history
2026-01-09,642661794.0,146.170051,https://www.ssga.com/library-content/products/fund-data/etfs/us/navhist-us-en-xlk.xlsx,State Street official daily NAV/share history
2026-01-12,643311794.0,146.792051,https://www.ssga.com/library-content/products/fund-data/etfs/us/navhist-us-en-xlk.xlsx,State Street official daily NAV/share history
2026-01-13,640611794.0,146.503826,https://www.ssga.com/library-content/products/fund-data/etfs/us/navhist-us-en-xlk.xlsx,State Street official daily NAV/share history
2026-01-14,642861794.0,144.677087,https://www.ssga.com/library-content/products/fund-data/etfs/us/navhist-us-en-xlk.xlsx,State Street official daily NAV/share history
2026-01-15,643661794.0,145.421949,https://www.ssga.com/library-content/products/fund-data/etfs/us/navhist-us-en-xlk.xlsx,State Street official daily NAV/share history
2026-01-16,643411794.0,145.609603,https://www.ssga.com/library-content/products/fund-data/etfs/us/navhist-us-en-xlk.xlsx,State Street official daily NAV/share history
2026-01-20,643411794.0,141.834713,https://www.ssga.com/library-content/products/fund-data/etfs/us/navhist-us-en-xlk.xlsx,State Street official daily NAV/share history
2026-01-21,641661794.0,143.851824,https://www.ssga.com/library-content/products/fund-data/etfs/us/navhist-us-en-xlk.xlsx,State Street official daily NAV/share history
2026-01-22,641411794.0,144.905525,https://www.ssga.com/library-content/products/fund-data/etfs/us/navhist-us-en-xlk.xlsx,State Street official daily NAV/share history
2026-01-23,639861794.0,145.086093,https://www.ssga.com/library-content/products/fund-data/etfs/us/navhist-us-en-xlk.xlsx,State Street official daily NAV/share history
2026-01-26,638561794.0,146.12513,https://www.ssga.com/library-content/products/fund-data/etfs/us/navhist-us-en-xlk.xlsx,State Street official daily NAV/share history
2026-01-27,638011794.0,148.064746,https://www.ssga.com/library-content/products/fund-data/etfs/us/navhist-us-en-xlk.xlsx,State Street official daily NAV/share history
2026-01-28,640911794.0,149.187084,https://www.ssga.com/library-content/products/fund-data/etfs/us/navhist-us-en-xlk.xlsx,State Street official daily NAV/share history
2026-01-29,640311794.0,146.909936,https://www.ssga.com/library-content/products/fund-data/etfs/us/navhist-us-en-xlk.xlsx,State Street official daily NAV/share history
2026-01-30,636861794.0,143.898094,https://www.ssga.com/library-content/products/fund-data/etfs/us/navhist-us-en-xlk.xlsx,State Street official daily NAV/share history
2026-02-02,637011794.0,145.271301,https://www.ssga.com/library-content/products/fund-data/etfs/us/navhist-us-en-xlk.xlsx,State Street official daily NAV/share history
2026-02-03,633911794.0,142.043622,https://www.ssga.com/library-content/products/fund-data/etfs/us/navhist-us-en-xlk.xlsx,State Street official daily NAV/share history
2026-02-04,632111794.0,138.091716,https://www.ssga.com/library-content/products/fund-data/etfs/us/navhist-us-en-xlk.xlsx,State Street official daily NAV/share history
2026-02-05,632661794.0,135.597317,https://www.ssga.com/library-content/products/fund-data/etfs/us/navhist-us-en-xlk.xlsx,State Street official daily NAV/share history
2026-02-06,634261794.0,141.116142,https://www.ssga.com/library-content/products/fund-data/etfs/us/navhist-us-en-xlk.xlsx,State Street official daily NAV/share history
2026-02-09,633011794.0,143.389747,https://www.ssga.com/library-content/products/fund-data/etfs/us/navhist-us-en-xlk.xlsx,State Street official daily NAV/share history
2026-02-10,631261794.0,142.516478,https://www.ssga.com/library-content/products/fund-data/etfs/us/navhist-us-en-xlk.xlsx,State Street official daily NAV/share history
2026-02-11,628711794.0,142.962389,https://www.ssga.com/library-content/products/fund-data/etfs/us/navhist-us-en-xlk.xlsx,State Street official daily NAV/share history
2026-02-12,627761794.0,139.176041,https://www.ssga.com/library-content/products/fund-data/etfs/us/navhist-us-en-xlk.xlsx,State Street official daily NAV/share history
2026-02-13,629911794.0,139.602021,https://www.ssga.com/library-content/products/fund-data/etfs/us/navhist-us-en-xlk.xlsx,State Street official daily NAV/share history
2026-02-17,632011794.0,139.448994,https://www.ssga.com/library-content/products/fund-data/etfs/us/navhist-us-en-xlk.xlsx,State Street official daily NAV/share history
2026-02-18,630511794.0,140.959985,https://www.ssga.com/library-content/products/fund-data/etfs/us/navhist-us-en-xlk.xlsx,State Street official daily NAV/share history
2026-02-19,630661794.0,140.195511,https://www.ssga.com/library-content/products/fund-data/etfs/us/navhist-us-en-xlk.xlsx,State Street official daily NAV/share history
2026-02-20,630711794.0,140.886214,https://www.ssga.com/library-content/products/fund-data/etfs/us/navhist-us-en-xlk.xlsx,State Street official daily NAV/share history
2026-02-23,630961794.0,138.518323,https://www.ssga.com/library-content/products/fund-data/etfs/us/navhist-us-en-xlk.xlsx,State Street official daily NAV/share history
2026-02-24,636261794.0,140.317665,https://www.ssga.com/library-content/products/fund-data/etfs/us/navhist-us-en-xlk.xlsx,State Street official daily NAV/share history
2026-02-25,631311794.0,142.984107,https://www.ssga.com/library-content/products/fund-data/etfs/us/navhist-us-en-xlk.xlsx,State Street official daily NAV/share history
2026-02-26,632061794.0,141.002245,https://www.ssga.com/library-content/products/fund-data/etfs/us/navhist-us-en-xlk.xlsx,State Street official daily NAV/share history
2026-02-27,631861794.0,138.773499,https://www.ssga.com/library-content/products/fund-data/etfs/us/navhist-us-en-xlk.xlsx,State Street official daily NAV/share history
2026-03-02,628661794.0,139.558354,https://www.ssga.com/library-content/products/fund-data/etfs/us/navhist-us-en-xlk.xlsx,State Street official daily NAV/share history
2026-03-03,630911794.0,137.513728,https://www.ssga.com/library-content/products/fund-data/etfs/us/navhist-us-en-xlk.xlsx,State Street official daily NAV/share history
2026-03-04,629861794.0,139.882113,https://www.ssga.com/library-content/products/fund-data/etfs/us/navhist-us-en-xlk.xlsx,State Street official daily NAV/share history
2026-03-05,631761794.0,140.184846,https://www.ssga.com/library-content/products/fund-data/etfs/us/navhist-us-en-xlk.xlsx,State Street official daily NAV/share history
2026-03-06,632011794.0,137.311265,https://www.ssga.com/library-content/products/fund-data/etfs/us/navhist-us-en-xlk.xlsx,State Street official daily NAV/share history
2026-03-09,632861794.0,139.777146,https://www.ssga.com/library-content/products/fund-data/etfs/us/navhist-us-en-xlk.xlsx,State Street official daily NAV/share history
2026-03-10,628161794.0,139.767543,https://www.ssga.com/library-content/products/fund-data/etfs/us/navhist-us-en-xlk.xlsx,State Street official daily NAV/share history
2026-03-11,634561794.0,140.461727,https://www.ssga.com/library-content/products/fund-data/etfs/us/navhist-us-en-xlk.xlsx,State Street official daily NAV/share history
2026-03-12,633211794.0,137.808376,https://www.ssga.com/library-content/products/fund-data/etfs/us/navhist-us-en-xlk.xlsx,State Street official daily NAV/share history
2026-03-13,639061794.0,136.788957,https://www.ssga.com/library-content/products/fund-data/etfs/us/navhist-us-en-xlk.xlsx,State Street official daily NAV/share history
2026-03-16,635111794.0,138.798904,https://www.ssga.com/library-content/products/fund-data/etfs/us/navhist-us-en-xlk.xlsx,State Street official daily NAV/share history
2026-03-17,636211794.0,139.529811,https://www.ssga.com/library-content/products/fund-data/etfs/us/navhist-us-en-xlk.xlsx,State Street official daily NAV/share history
2026-03-18,636611794.0,137.98035,https://www.ssga.com/library-content/products/fund-data/etfs/us/navhist-us-en-xlk.xlsx,State Street official daily NAV/share history
2026-03-19,633461794.0,138.438977,https://www.ssga.com/library-content/products/fund-data/etfs/us/navhist-us-en-xlk.xlsx,State Street official daily NAV/share history
2026-03-20,632811794.0,135.249055,https://www.ssga.com/library-content/products/fund-data/etfs/us/navhist-us-en-xlk.xlsx,State Street official daily NAV/share history
2026-03-23,630011794.0,136.992741,https://www.ssga.com/library-content/products/fund-data/etfs/us/navhist-us-en-xlk.xlsx,State Street official daily NAV/share history
2026-03-24,631361794.0,136.145228,https://www.ssga.com/library-content/products/fund-data/etfs/us/navhist-us-en-xlk.xlsx,State Street official daily NAV/share history
2026-03-25,631111794.0,136.764709,https://www.ssga.com/library-content/products/fund-data/etfs/us/navhist-us-en-xlk.xlsx,State Street official daily NAV/share history
2026-03-26,632461794.0,132.479611,https://www.ssga.com/library-content/products/fund-data/etfs/us/navhist-us-en-xlk.xlsx,State Street official daily NAV/share history
2026-03-27,632261794.0,129.93075,https://www.ssga.com/library-content/products/fund-data/etfs/us/navhist-us-en-xlk.xlsx,State Street official daily NAV/share history
2026-03-30,632411794.0,127.518962,https://www.ssga.com/library-content/products/fund-data/etfs/us/navhist-us-en-xlk.xlsx,State Street official daily NAV/share history
2026-03-31,633261794.0,132.959904,https://www.ssga.com/library-content/products/fund-data/etfs/us/navhist-us-en-xlk.xlsx,State Street official daily NAV/share history
2026-04-01,633561794.0,134.935719,https://www.ssga.com/library-content/products/fund-data/etfs/us/navhist-us-en-xlk.xlsx,State Street official daily NAV/share history
2026-04-02,634311794.0,136.003119,https://www.ssga.com/library-content/products/fund-data/etfs/us/navhist-us-en-xlk.xlsx,State Street official daily NAV/share history
2026-04-06,635611794.0,136.78253,https://www.ssga.com/library-content/products/fund-data/etfs/us/navhist-us-en-xlk.xlsx,State Street official daily NAV/share history
2026-04-07,636361794.0,137.409293,https://www.ssga.com/library-content/products/fund-data/etfs/us/navhist-us-en-xlk.xlsx,State Street official daily NAV/share history
2026-04-08,637311794.0,141.718816,https://www.ssga.com/library-content/products/fund-data/etfs/us/navhist-us-en-xlk.xlsx,State Street official daily NAV/share history
2026-04-09,638911794.0,142.063171,https://www.ssga.com/library-content/products/fund-data/etfs/us/navhist-us-en-xlk.xlsx,State Street official daily NAV/share history
2026-04-10,640011794.0,142.584203,https://www.ssga.com/library-content/products/fund-data/etfs/us/navhist-us-en-xlk.xlsx,State Street official daily NAV/share history
2026-04-13,638811794.0,145.644959,https://www.ssga.com/library-content/products/fund-data/etfs/us/navhist-us-en-xlk.xlsx,State Street official daily NAV/share history
2026-04-14,638911794.0,147.908392,https://www.ssga.com/library-content/products/fund-data/etfs/us/navhist-us-en-xlk.xlsx,State Street official daily NAV/share history
2026-04-15,639011794.0,150.276275,https://www.ssga.com/library-content/products/fund-data/etfs/us/navhist-us-en-xlk.xlsx,State Street official daily NAV/share history
2026-04-16,638811794.0,152.071217,https://www.ssga.com/library-content/products/fund-data/etfs/us/navhist-us-en-xlk.xlsx,State Street official daily NAV/share history
2026-04-17,643761794.0,154.345534,https://www.ssga.com/library-content/products/fund-data/etfs/us/navhist-us-en-xlk.xlsx,State Street official daily NAV/share history
2026-04-20,644561794.0,154.560786,https://www.ssga.com/library-content/products/fund-data/etfs/us/navhist-us-en-xlk.xlsx,State Street official daily NAV/share history
2026-04-21,646661794.0,154.652871,https://www.ssga.com/library-content/products/fund-data/etfs/us/navhist-us-en-xlk.xlsx,State Street official daily NAV/share history
2026-04-22,648911794.0,158.164247,https://www.ssga.com/library-content/products/fund-data/etfs/us/navhist-us-en-xlk.xlsx,State Street official daily NAV/share history
2026-04-23,653261794.0,155.830258,https://www.ssga.com/library-content/products/fund-data/etfs/us/navhist-us-en-xlk.xlsx,State Street official daily NAV/share history
2026-04-24,650961794.0,160.287702,https://www.ssga.com/library-content/products/fund-data/etfs/us/navhist-us-en-xlk.xlsx,State Street official daily NAV/share history
2026-04-27,647811794.0,160.559028,https://www.ssga.com/library-content/products/fund-data/etfs/us/navhist-us-en-xlk.xlsx,State Street official daily NAV/share history
2026-04-28,648611794.0,157.844708,https://www.ssga.com/library-content/products/fund-data/etfs/us/navhist-us-en-xlk.xlsx,State Street official daily NAV/share history
2026-04-29,648261794.0,159.078635,https://www.ssga.com/library-content/products/fund-data/etfs/us/navhist-us-en-xlk.xlsx,State Street official daily NAV/share history
2026-04-30,648061794.0,159.448425,https://www.ssga.com/library-content/products/fund-data/etfs/us/navhist-us-en-xlk.xlsx,State Street official daily NAV/share history
2026-05-01,647761794.0,161.873159,https://www.ssga.com/library-content/products/fund-data/etfs/us/navhist-us-en-xlk.xlsx,State Street official daily NAV/share history
2026-05-04,648811794.0,162.007808,https://www.ssga.com/library-content/products/fund-data/etfs/us/navhist-us-en-xlk.xlsx,State Street official daily NAV/share history
2026-05-05,649161794.0,165.584207,https://www.ssga.com/library-content/products/fund-data/etfs/us/navhist-us-en-xlk.xlsx,State Street official daily NAV/share history
2026-05-06,650261794.0,170.004934,https://www.ssga.com/library-content/products/fund-data/etfs/us/navhist-us-en-xlk.xlsx,State Street official daily NAV/share history
2026-05-07,652211794.0,169.665307,https://www.ssga.com/library-content/products/fund-data/etfs/us/navhist-us-en-xlk.xlsx,State Street official daily NAV/share history
2026-05-08,653211794.0,175.575379,https://www.ssga.com/library-content/products/fund-data/etfs/us/navhist-us-en-xlk.xlsx,State Street official daily NAV/share history
2026-05-11,653211794.0,177.889197,https://www.ssga.com/library-content/products/fund-data/etfs/us/navhist-us-en-xlk.xlsx,State Street official daily NAV/share history
2026-05-12,653461794.0,175.225279,https://www.ssga.com/library-content/products/fund-data/etfs/us/navhist-us-en-xlk.xlsx,State Street official daily NAV/share history
2026-05-13,653561794.0,176.886155,https://www.ssga.com/library-content/products/fund-data/etfs/us/navhist-us-en-xlk.xlsx,State Street official daily NAV/share history
2026-05-14,653011794.0,179.478527,https://www.ssga.com/library-content/products/fund-data/etfs/us/navhist-us-en-xlk.xlsx,State Street official daily NAV/share history
2026-05-15,652261794.0,176.279928,https://www.ssga.com/library-content/products/fund-data/etfs/us/navhist-us-en-xlk.xlsx,State Street official daily NAV/share history
2026-05-18,653211794.0,174.367212,https://www.ssga.com/library-content/products/fund-data/etfs/us/navhist-us-en-xlk.xlsx,State Street official daily NAV/share history
2026-05-19,653061794.0,173.212691,https://www.ssga.com/library-content/products/fund-data/etfs/us/navhist-us-en-xlk.xlsx,State Street official daily NAV/share history
2026-05-20,652211794.0,177.140578,https://www.ssga.com/library-content/products/fund-data/etfs/us/navhist-us-en-xlk.xlsx,State Street official daily NAV/share history
2026-05-21,651111794.0,178.560687,https://www.ssga.com/library-content/products/fund-data/etfs/us/navhist-us-en-xlk.xlsx,State Street official daily NAV/share history
2026-05-22,650861794.0,180.393755,https://www.ssga.com/library-content/products/fund-data/etfs/us/navhist-us-en-xlk.xlsx,State Street official daily NAV/share history
2026-05-26,650911794.0,185.200786,https://www.ssga.com/library-content/products/fund-data/etfs/us/navhist-us-en-xlk.xlsx,State Street official daily NAV/share history
2026-05-27,650711794.0,184.373218,https://www.ssga.com/library-content/products/fund-data/etfs/us/navhist-us-en-xlk.xlsx,State Street official daily NAV/share history
2026-05-28,651061794.0,186.871538,https://www.ssga.com/library-content/products/fund-data/etfs/us/navhist-us-en-xlk.xlsx,State Street official daily NAV/share history
2026-05-29,651861794.0,191.015511,https://www.ssga.com/library-content/products/fund-data/etfs/us/navhist-us-en-xlk.xlsx,State Street official daily NAV/share history
2026-06-01,653861794.0,195.765737,https://www.ssga.com/library-content/products/fund-data/etfs/us/navhist-us-en-xlk.xlsx,State Street official daily NAV/share history
2026-06-02,651461794.0,198.190754,https://www.ssga.com/library-content/products/fund-data/etfs/us/navhist-us-en-xlk.xlsx,State Street official daily NAV/share history
2026-06-03,651111794.0,196.196186,https://www.ssga.com/library-content/products/fund-data/etfs/us/navhist-us-en-xlk.xlsx,State Street official daily NAV/share history
2026-06-04,652111794.0,193.096707,https://www.ssga.com/library-content/products/fund-data/etfs/us/navhist-us-en-xlk.xlsx,State Street official daily NAV/share history
2026-06-05,653461794.0,180.245215,https://www.ssga.com/library-content/products/fund-data/etfs/us/navhist-us-en-xlk.xlsx,State Street official daily NAV/share history
2026-06-08,653061794.0,184.271269,https://www.ssga.com/library-content/products/fund-data/etfs/us/navhist-us-en-xlk.xlsx,State Street official daily NAV/share history
2026-06-09,654161794.0,180.854862,https://www.ssga.com/library-content/products/fund-data/etfs/us/navhist-us-en-xlk.xlsx,State Street official daily NAV/share history
2026-06-10,655811794.0,176.511355,https://www.ssga.com/library-content/products/fund-data/etfs/us/navhist-us-en-xlk.xlsx,State Street official daily NAV/share history
2026-06-11,654311794.0,183.299739,https://www.ssga.com/library-content/products/fund-data/etfs/us/navhist-us-en-xlk.xlsx,State Street official daily NAV/share history
2026-06-12,653661794.0,184.851688,https://www.ssga.com/library-content/products/fund-data/etfs/us/navhist-us-en-xlk.xlsx,State Street official daily NAV/share history
2026-06-15,653611794.0,191.796034,https://www.ssga.com/library-content/products/fund-data/etfs/us/navhist-us-en-xlk.xlsx,State Street official daily NAV/share history
2026-06-16,653511794.0,186.462135,https://www.ssga.com/library-content/products/fund-data/etfs/us/navhist-us-en-xlk.xlsx,State Street official daily NAV/share history
2026-06-17,701561794.0,185.767551,https://www.ssga.com/library-content/products/fund-data/etfs/us/navhist-us-en-xlk.xlsx,State Street official daily NAV/share history
2026-06-18,698311794.0,191.481683,https://www.ssga.com/library-content/products/fund-data/etfs/us/navhist-us-en-xlk.xlsx,State Street official daily NAV/share history
2026-06-22,649961794.0,192.119866,https://www.ssga.com/library-content/products/fund-data/etfs/us/navhist-us-en-xlk.xlsx,State Street official daily NAV/share history
2026-06-23,650911794.0,184.205216,https://www.ssga.com/library-content/products/fund-data/etfs/us/navhist-us-en-xlk.xlsx,State Street official daily NAV/share history
2026-06-24,651361794.0,183.060455,https://www.ssga.com/library-content/products/fund-data/etfs/us/navhist-us-en-xlk.xlsx,State Street official daily NAV/share history
2026-06-25,653461794.0,184.528014,https://www.ssga.com/library-content/products/fund-data/etfs/us/navhist-us-en-xlk.xlsx,State Street official daily NAV/share history
2026-06-26,650111794.0,181.481191,https://www.ssga.com/library-content/products/fund-data/etfs/us/navhist-us-en-xlk.xlsx,State Street official daily NAV/share history
2026-06-29,650511794.0,185.497299,https://www.ssga.com/library-content/products/fund-data/etfs/us/navhist-us-en-xlk.xlsx,State Street official daily NAV/share history
2026-06-30,650361794.0,190.528682,https://www.ssga.com/library-content/products/fund-data/etfs/us/navhist-us-en-xlk.xlsx,State Street official daily NAV/share history
2026-07-01,649311794.0,185.54904,https://www.ssga.com/library-content/products/fund-data/etfs/us/navhist-us-en-xlk.xlsx,State Street official daily NAV/share history
2026-07-02,650311794.0,180.672573,https://www.ssga.com/library-content/products/fund-data/etfs/us/navhist-us-en-xlk.xlsx,State Street official daily NAV/share history
2026-07-06,650761794.0,183.558244,https://www.ssga.com/library-content/products/fund-data/etfs/us/navhist-us-en-xlk.xlsx,State Street official daily NAV/share history
2026-07-07,650311794.0,179.222573,https://www.ssga.com/library-content/products/fund-data/etfs/us/navhist-us-en-xlk.xlsx,State Street official daily NAV/share history
2026-07-08,650311794.0,181.450232,https://www.ssga.com/library-content/products/fund-data/etfs/us/navhist-us-en-xlk.xlsx,State Street official daily NAV/share history
2026-07-09,650661794.0,185.339571,https://www.ssga.com/library-content/products/fund-data/etfs/us/navhist-us-en-xlk.xlsx,State Street official daily NAV/share history
2026-07-10,651611794.0,185.802555,https://www.ssga.com/library-content/products/fund-data/etfs/us/navhist-us-en-xlk.xlsx,State Street official daily NAV/share history
2026-07-13,651711794.0,181.288556,https://www.ssga.com/library-content/products/fund-data/etfs/us/navhist-us-en-xlk.xlsx,State Street official daily NAV/share history
2026-07-14,652061794.0,183.575743,https://www.ssga.com/library-content/products/fund-data/etfs/us/navhist-us-en-xlk.xlsx,State Street official daily NAV/share history
2026-07-15,651761794.0,181.614967,https://www.ssga.com/library-content/products/fund-data/etfs/us/navhist-us-en-xlk.xlsx,State Street official daily NAV/share history
2026-07-16,651461794.0,177.47647,https://www.ssga.com/library-content/products/fund-data/etfs/us/navhist-us-en-xlk.xlsx,State Street official daily NAV/share history
2026-07-17,652811794.0,175.575009,https://www.ssga.com/library-content/products/fund-data/etfs/us/navhist-us-en-xlk.xlsx,State Street official daily NAV/share history
2026-07-20,652611794.0,175.693519,https://www.ssga.com/library-content/products/fund-data/etfs/us/navhist-us-en-xlk.xlsx,State Street official daily NAV/share history
2026-07-21,653361794.0,180.775642,https://www.ssga.com/library-content/products/fund-data/etfs/us/navhist-us-en-xlk.xlsx,State Street official daily NAV/share history
2026-07-22,653061794.0,180.258739,https://www.ssga.com/library-content/products/fund-data/etfs/us/navhist-us-en-xlk.xlsx,State Street official daily NAV/share history
2026-07-23,653661794.0,178.462025,https://www.ssga.com/library-content/products/fund-data/etfs/us/navhist-us-en-xlk.xlsx,State Street official daily NAV/share history
2026-07-24,654361794.0,175.897027,https://www.ssga.com/library-content/products/fund-data/etfs/us/navhist-us-en-xlk.xlsx,State Street official daily NAV/share history
2026-07-27,654811794.0,174.301705,https://www.ssga.com/library-content/products/fund-data/etfs/us/navhist-us-en-xlk.xlsx,State Street official daily NAV/share history
2026-07-28,655111794.0,171.038192,https://www.ssga.com/library-content/products/fund-data/etfs/us/navhist-us-en-xlk.xlsx,State Street official daily NAV/share history
2026-07-29,656911794.0,166.500695,https://www.ssga.com/library-content/products/fund-data/etfs/us/navhist-us-en-xlk.xlsx,State Street official daily NAV/share history
2026-07-30,657861794.0,175.667041,https://www.ssga.com/library-content/products/fund-data/etfs/us/navhist-us-en-xlk.xlsx,State Street official daily NAV/share history
2026-07-31,658461794.0,175.273637,https://www.ssga.com/library-content/products/fund-data/etfs/us/navhist-us-en-xlk.xlsx,State Street official daily NAV/share history
2026-08-03,658211794.0,178.084831,https://www.ssga.com/library-content/products/fund-data/etfs/us/navhist-us-en-xlk.xlsx,State Street official daily NAV/share history
2026-08-04,657061794.0,186.838019,https://www.ssga.com/library-content/products/fund-data/etfs/us/navhist-us-en-xlk.xlsx,State Street official daily NAV/share history
2026-08-05,657611794.0,185.883043,https://www.ssga.com/library-content/products/fund-data/etfs/us/navhist-us-en-xlk.xlsx,State Street official daily NAV/share history
2026-08-06,654761794.0,185.351046,https://www.ssga.com/library-content/products/fund-data/etfs/us/navhist-us-en-xlk.xlsx,State Street official daily NAV/share history
2026-08-07,655711794.0,188.001886,https://www.ssga.com/library-content/products/fund-data/etfs/us/navhist-us-en-xlk.xlsx,State Street official daily NAV/share history
2026-08-10,654011794.0,186.330813,https://www.ssga.com/library-content/products/fund-data/etfs/us/navhist-us-en-xlk.xlsx,State Street official daily NAV/share history
2026-08-11,655311794.0,186.156223,https://www.ssga.com/library-content/products/fund-data/etfs/us/navhist-us-en-xlk.xlsx,State Street official daily NAV/share history
2026-08-12,653111794.0,188.850087,https://www.ssga.com/library-content/products/fund-data/etfs/us/navhist-us-en-xlk.xlsx,State Street official daily NAV/share history
2026-08-13,652411794.0,190.737376,https://www.ssga.com/library-content/products/fund-data/etfs/us/navhist-us-en-xlk.xlsx,State Street official daily NAV/share history
2026-08-14,652661794.0,190.027359,https://www.ssga.com/library-content/products/fund-data/etfs/us/navhist-us-en-xlk.xlsx,State Street official daily NAV/share history
2026-08-17,652461794.0,190.235047,https://www.ssga.com/library-content/products/fund-data/etfs/us/navhist-us-en-xlk.xlsx,State Street official daily NAV/share history
2026-08-18,652711794.0,185.576747,https://www.ssga.com/library-content/products/fund-data/etfs/us/navhist-us-en-xlk.xlsx,State Street official daily NAV/share history
2026-08-19,652111794.0,183.585549,https://www.ssga.com/library-content/products/fund-data/etfs/us/navhist-us-en-xlk.xlsx,State Street official daily NAV/share history
2026-08-20,652261794.0,183.048545,https://www.ssga.com/library-content/products/fund-data/etfs/us/navhist-us-en-xlk.xlsx,State Street official daily NAV/share history
2026-08-21,652711794.0,183.288148,https://www.ssga.com/library-content/products/fund-data/etfs/us/navhist-us-en-xlk.xlsx,State Street official daily NAV/share history
2026-08-24,652011794.0,180.040096,https://www.ssga.com/library-content/products/fund-data/etfs/us/navhist-us-en-xlk.xlsx,State Street official daily NAV/share history
2026-08-25,652511794.0,181.776134,https://www.ssga.com/library-content/products/fund-data/etfs/us/navhist-us-en-xlk.xlsx,State Street official daily NAV/share history
2026-08-26,652661794.0,182.834033,https://www.ssga.com/library-content/products/fund-data/etfs/us/navhist-us-en-xlk.xlsx,State Street official daily NAV/share history
2026-08-27,652061794.0,188.711536,https://www.ssga.com/library-content/products/fund-data/etfs/us/navhist-us-en-xlk.xlsx,State Street official daily NAV/share history
2026-08-28,651661794.0,185.690305,https://www.ssga.com/library-content/products/fund-data/etfs/us/navhist-us-en-xlk.xlsx,State Street official daily NAV/share history
2026-08-31,651361794.0,186.436689,https://www.ssga.com/library-content/products/fund-data/etfs/us/navhist-us-en-xlk.xlsx,State Street official daily NAV/share history
2026-09-01,651661794.0,183.633908,https://www.ssga.com/library-content/products/fund-data/etfs/us/navhist-us-en-xlk.xlsx,State Street official daily NAV/share history
2026-09-02,651261794.0,183.612222,https://www.ssga.com/library-content/products/fund-data/etfs/us/navhist-us-en-xlk.xlsx,State Street official daily NAV/share history
2026-09-03,650961794.0,186.001483,https://www.ssga.com/library-content/products/fund-data/etfs/us/navhist-us-en-xlk.xlsx,State Street official daily NAV/share history
2026-09-04,651311794.0,187.327689,https://www.ssga.com/library-content/products/fund-data/etfs/us/navhist-us-en-xlk.xlsx,State Street official daily NAV/share history
2026-09-08,651811794.0,187.878317,https://www.ssga.com/library-content/products/fund-data/etfs/us/navhist-us-en-xlk.xlsx,State Street official daily NAV/share history
2026-09-09,650811794.0,187.866319,https://www.ssga.com/library-content/products/fund-data/etfs/us/navhist-us-en-xlk.xlsx,State Street official daily NAV/share history
2026-09-10,649911794.0,185.200111,https://www.ssga.com/library-content/products/fund-data/etfs/us/navhist-us-en-xlk.xlsx,State Street official daily NAV/share history
2026-09-11,649011794.0,187.730567,https://www.ssga.com/library-content/products/fund-data/etfs/us/navhist-us-en-xlk.xlsx,State Street official daily NAV/share history
2026-09-14,648411794.0,184.238195,https://www.ssga.com/library-content/products/fund-data/etfs/us/navhist-us-en-xlk.xlsx,State Street official daily NAV/share history
2026-09-15,648811794.0,183.752974,https://www.ssga.com/library-content/products/fund-data/etfs/us/navhist-us-en-xlk.xlsx,State Street official daily NAV/share history
2026-09-16,648961794.0,183.972145,https://www.ssga.com/library-content/products/fund-data/etfs/us/navhist-us-en-xlk.xlsx,State Street official daily NAV/share history
2026-09-17,648411794.0,188.065173,https://www.ssga.com/library-content/products/fund-data/etfs/us/navhist-us-en-xlk.xlsx,State Street official daily NAV/share history
2026-09-18,649411794.0,189.697776,https://www.ssga.com/library-content/products/fund-data/etfs/us/navhist-us-en-xlk.xlsx,State Street official daily NAV/share history
2026-09-21,649211794.0,194.846791,https://www.ssga.com/library-content/products/fund-data/etfs/us/navhist-us-en-xlk.xlsx,State Street official daily NAV/share history
2026-09-22,650661794.0,196.263611,https://www.ssga.com/library-content/products/fund-data/etfs/us/navhist-us-en-xlk.xlsx,State Street official daily NAV/share history
2026-09-23,651461794.0,195.304247,https://www.ssga.com/library-content/products/fund-data/etfs/us/navhist-us-en-xlk.xlsx,State Street official daily NAV/share history
2026-09-24,651261794.0,194.759708,https://www.ssga.com/library-content/products/fund-data/etfs/us/navhist-us-en-xlk.xlsx,State Street official daily NAV/share history
2026-09-25,651011794.0,196.297127,https://www.ssga.com/library-content/products/fund-data/etfs/us/navhist-us-en-xlk.xlsx,State Street official daily NAV/share history
2026-09-28,651111794.0,194.493179,https://www.ssga.com/library-content/products/fund-data/etfs/us/navhist-us-en-xlk.xlsx,State Street official daily NAV/share history
2026-09-29,650161794.0,194.446742,https://www.ssga.com/library-content/products/fund-data/etfs/us/navhist-us-en-xlk.xlsx,State Street official daily NAV/share history
2026-09-30,650561794.0,195.673488,https://www.ssga.com/library-content/products/fund-data/etfs/us/navhist-us-en-xlk.xlsx,State Street official daily NAV/share history
2026-10-01,652011794.0,197.826778,https://www.ssga.com/library-content/products/fund-data/etfs/us/navhist-us-en-xlk.xlsx,State Street official daily NAV/share history
2026-10-02,651811794.0,199.818289,https://www.ssga.com/library-content/products/fund-data/etfs/us/navhist-us-en-xlk.xlsx,State Street official daily NAV/share history
2026-10-05,652461794.0,200.884691,https://www.ssga.com/library-content/products/fund-data/etfs/us/navhist-us-en-xlk.xlsx,State Street official daily NAV/share history
2026-10-06,657311794.0,201.950782,https://www.ssga.com/library-content/products/fund-data/etfs/us/navhist-us-en-xlk.xlsx,State Street official daily NAV/share history
2026-10-07,658011794.0,201.441948,https://www.ssga.com/library-content/products/fund-data/etfs/us/navhist-us-en-xlk.xlsx,State Street official daily NAV/share history
2026-10-08,658911794.0,197.7695,https://www.ssga.com/library-content/products/fund-data/etfs/us/navhist-us-en-xlk.xlsx,State Street official daily NAV/share history
